,rider_url,rider_name,nationality
0,arnaud-demare,DÉMARE Arnaud,FR
1,ben-swift,SWIFT Ben,GB
2,jurgen-roelandts,ROELANDTS Jürgen,BE
3,nacer-bouhanni,BOUHANNI Nacer,FR
4,greg-van-avermaet,VAN AVERMAET Greg,BE
5,alexander-kristoff,KRISTOFF Alexander,NO
6,heinrich-haussler,HAUSSLER Heinrich,AU
7,filippo-pozzato,POZZATO Filippo,IT
8,sonny-colbrelli,COLBRELLI Sonny,IT
9,matteo-trentin,TRENTIN Matteo,IT
10,luis-leon-sanchez,SÁNCHEZ Luis León,ES
11,peter-sagan,SAGAN Peter,SK
12,matteo-montaguti,MONTAGUTI Matteo,IT
13,tom-jelte-slagter,SLAGTER Tom-Jelte,NL
14,alejandro-valverde,VALVERDE Alejandro,ES
15,jan-bakelants,BAKELANTS Jan,BE
16,niccolo-bonifazio,BONIFAZIO Niccolò,IT
17,arthur-vichot,VICHOT Arthur,FR
18,simon-geschke,GESCHKE Simon,DE
19,francesco-gavazzi,GAVAZZI Francesco,IT
20,davide-rebellin,REBELLIN Davide,IT
21,andrea-fedi,FEDI Andrea,IT
22,paul-voss,VOß Paul,DE
23,sep-vanmarcke,VANMARCKE Sep,BE
24,lars-boom,BOOM Lars,NL
25,edvald-boasson-hagen,BOASSON HAGEN Edvald,NO
26,damiano-caruso,CARUSO Damiano,IT
27,dayer-quintana-rojas,QUINTANA Dayer,CO
28,enrico-battaglin,BATTAGLIN Enrico,IT
29,franco-pellizotti,PELLIZOTTI Franco,IT
30,fabian-cancellara,CANCELLARA Fabian,CH
31,jarlinson-pantano,PANTANO Jarlinson,CO
32,vincenzo-nibali,NIBALI Vincenzo,IT
33,tony-gallopin,GALLOPIN Tony,FR
34,jens-debusschere,DEBUSSCHERE Jens,BE
35,arnold-jeannesson,JEANNESSON Arnold,FR
36,jacopo-guarnieri,GUARNIERI Jacopo,IT
37,geoffrey-soupe,SOUPE Geoffrey,FR
38,vicente-reynes,REYNÉS Vicente,ES
39,michal-kwiatkowski,KWIATKOWSKI Michał,PL
40,ramunas-navardauskas,NAVARDAUSKAS Ramūnas,LT
41,giacomo-nizzolo,NIZZOLO Giacomo,IT
42,martin-elmiger,ELMIGER Martin,CH
43,koen-de-kort,DE KORT Koen,NL
44,giovanni-visconti,VISCONTI Giovanni,IT
45,andrey-amador,AMADOR Andrey,CR
46,leigh-howard,HOWARD Leigh,AU
47,aleksejs-saramotins,SARAMOTINS Aleksejs,LV
48,peter-kennaugh,KENNAUGH Peter,GB
49,paul-martens,MARTENS Paul,DE
50,fabio-felline,FELLINE Fabio,IT
51,davide-vigano,VIGANÒ Davide,IT
52,mirko-selvaggi,SELVAGGI Mirko,IT
53,michael-morkov,MØRKØV Michael,DK
54,tom-boonen,BOONEN Tom,BE
55,roman-kreuziger,KREUZIGER Roman,CZ
56,ian-stannard,STANNARD Ian,GB
57,diego-ulissi,ULISSI Diego,IT
58,michael-matthews,MATTHEWS Michael,AU
59,salvatore-puccio,PUCCIO Salvatore,IT
60,alessandro-de-marchi,DE MARCHI Alessandro,IT
61,dominik-nerz,NERZ Dominik,DE
62,anthony-roux,ROUX Anthony,FR
63,zico-waeytens,WAEYTENS Zico,BE
64,oscar-gatto,GATTO Oscar,IT
65,laurens-de-vreese,DE VREESE Laurens,BE
66,stijn-vandenbergh,VANDENBERGH Stijn,BE
67,ignatas-konovalovas,KONOVALOVAS Ignatas,LT
68,dylan-van-baarle,VAN BAARLE Dylan,NL
69,jan-barta,BÁRTA Jan,CZ
70,danilo-wyss,WYSS Danilo,CH
71,enrico-barbin,BARBIN Enrico,IT
72,simone-ponzi,PONZI Simone,IT
73,sven-erik-bystrom,BYSTRØM Sven Erik,NO
74,simon-spilak,ŠPILAK Simon,SI
75,angel-vicioso,VICIOSO Ángel,ES
76,stephen-cummings,CUMMINGS Steve,GB
77,fabio-sabatini,SABATINI Fabio,IT
78,fernando-gaviria,GAVIRIA Fernando,CO
79,gianluca-brambilla,BRAMBILLA Gianluca,IT
80,gatis-smukulis,SMUKULIS Gatis,LV
81,andrei-grivko,GRIVKO Andrey,UA
82,marco-frapporti,FRAPPORTI Marco,IT
83,elia-viviani,VIVIANI Elia,IT
84,christophe-laporte,LAPORTE Christophe,FR
85,matthieu-ladagnous,LADAGNOUS Matthieu,FR
86,christophe-riblon,RIBLON Christophe,FR
87,jelle-vanendert,VANENDERT Jelle,BE
88,marcus-burghardt,BURGHARDT Marcus,DE
89,patrick-konrad,KONRAD Patrick,AT
90,luke-rowe,ROWE Luke,GB
91,reinardt-janse-van-rensburg,JANSE VAN RENSBURG Reinardt,ZA
92,kevin-reza,REZA Kévin,FR
93,david-lozano,LOZANO David,ES
94,simon-yates,YATES Simon,GB
95,daniel-oss,OSS Daniel,IT
96,valerio-agnoli,AGNOLI Valerio,IT
97,kristijan-koren,KOREN Kristijan,SI
98,maarten-tjallingii,TJALLINGII Maarten,NL
99,matteo-tosatto,TOSATTO Matteo,IT
100,mirco-maestri,MAESTRI Mirco,IT
101,moreno-moser,MOSER Moreno,IT
102,simone-andreetta,ANDREETTA Simone,IT
103,sacha-modolo,MODOLO Sacha,IT
104,rudiger-selig,SELIG Rüdiger,DE
105,bartlomiej-matysiak,MATYSIAK Bartłomiej,PL
106,eros-capecchi,CAPECCHI Eros,IT
107,davide-cimolai,CIMOLAI Davide,IT
108,jaroslaw-marycz,MARYCZ Jarosław,PL
109,mark-cavendish,CAVENDISH Mark,GB
110,gregory-rast,RAST Grégory,CH
111,lorenzo-rota,ROTA Lorenzo,IT
112,winner-anacona,ANACONA Winner,CO
113,julien-simon,SIMON Julien,FR
114,luis-angel-mate,MATÉ Luis Ángel,ES
115,roger-kluge,KLUGE Roger,DE
116,adam-hansen,HANSEN Adam,AU
117,maciej-bodnar,BODNAR Maciej,PL
118,yaroslav-popovych,POPOVYCH Yaroslav,UA
119,roberto-ferrari,FERRARI Roberto,IT
120,hugo-houle,HOULE Hugo,CA
121,michael-albasini,ALBASINI Michael,CH
122,daniel-felipe-martinez,MARTÍNEZ Daniel Felipe,CO
123,roy-curvers,CURVERS Roy,NL
124,victor-de-la-parte,DE LA PARTE Víctor,ES
125,pim-ligthart,LIGTHART Pim,NL
126,marco-haller,HALLER Marco,AT
127,cesare-benedetti,BENEDETTI Cesare,IT
128,sam-bennett,BENNETT Sam,IE
129,bert-de-backer,DE BACKER Bert,BE
130,tom-stamsnijder,STAMSNIJDER Tom,NL
131,tom-van-asbroeck,VAN ASBROECK Tom,BE
132,jesse-sergent,SERGENT Jesse,NZ
133,fran-ventoso,VENTOSO Francisco José,ES
134,lars-ytting-bak,BAK Lars Ytting,DK
135,manuel-quinziato,QUINZIATO Manuel,IT
136,julen-amezqueta,AMEZQUETA Julen,ES
137,gregor-muhlberger,MÜHLBERGER Gregor,AT
138,mark-renshaw,RENSHAW Mark,AU
139,jean-pierre-drucker,DRUCKER Jempy,LU
140,francesco-chicchi,CHICCHI Francesco,IT
141,zdenek-stybar,ŠTYBAR Zdeněk,CZ
142,juan-jose-lobato,LOBATO Juan José,ES
143,manuele-boaro,BOARO Manuele,IT
144,marco-coledan,COLEDAN Marco,IT
145,mattia-cattaneo,CATTANEO Mattia,IT
146,matteo-bono,BONO Matteo,IT
147,manuel-belletti,BELLETTI Manuel,IT
148,mirko-tedeschi,TEDESCHI Mirko,IT
149,patrick-gretsch,GRETSCH Patrick,DE
150,joonas-henttala,HENTTALA Joonas,FI
151,alan-marangoni,MARANGONI Alan,IT
152,martijn-verschoor,VERSCHOOR Martijn,NL
153,christopher-williams,WILLIAMS Christopher,AU
154,serghei-tvetcov,ȚVETCOV Serghei,RO
155,gediminas-bagdonas,BAGDONAS Gediminas,LT
156,luka-mezgec,MEZGEC Luka,SI
157,charles-planet,PLANET Charles,FR
158,jens-keukeleire,KEUKELEIRE Jens,BE
159,kevin-de-mesmaeker,DE MESMAEKER Kevin,BE
160,reto-hollenstein,HOLLENSTEIN Reto,CH
161,jos-van-emden,VAN EMDEN Jos,NL
162,mickael-delage,DELAGE Mickaël,FR
163,tom-leezer,LEEZER Tom,NL
164,william-bonnet,BONNET William,FR
165,marcel-sieberg,SIEBERG Marcel,DE
166,daryl-impey,IMPEY Daryl,ZA
167,adam-blythe,BLYTHE Adam,GB
168,geraint-thomas,THOMAS Geraint,GB
169,adrian-honkisz,HONKISZ Adrian,PL
170,christopher-juul-jensen,JUUL-JENSEN Christopher,DK
171,sebastian-langeveld,LANGEVELD Sebastian,NL
172,adrian-kurek,KUREK Adrian,PL
173,jay-robert-thomson,THOMSON Jay Robert,ZA
174,eugenio-alafaci,ALAFACI Eugenio,IT
175,nikolay-mihaylov,MIHAYLOV Nikolay,BG
176,alessandro-tonelli,TONELLI Alessandro,IT
177,samuele-conti,CONTI Samuele,IT
178,jakub-mareczko,MARECZKO Jakub,IT
179,axel-domont,DOMONT Axel,FR
180,jerome-cousin,COUSIN Jérôme,FR
181,cyril-lemoine,LEMOINE Cyril,FR
182,sam-bewley,BEWLEY Sam,NZ
183,sergey-lagutin,LAGUTIN Sergey,RU
184,federico-zurlo,ZURLO Federico,IT
185,manuele-mori,MORI Manuele,IT
186,serge-pauwels,PAUWELS Serge,BE
187,nathan-haas,HAAS Nathan,AU
188,julien-vermote,VERMOTE Julien,BE
189,albert-timmer,TIMMER Albert,NL
190,nikias-arndt,ARNDT Nikias,DE
191,javier-megias,MEGÍAS Javier,ES
192,andrea-peron,PERON Andrea,IT
193,carlos-betancur,BETANCUR Carlos,CO
194,daniele-bennati,BENNATI Daniele,IT
195,giorgio-cecchinel,CECCHINEL Giorgio,IT
196,nicola-boem,BOEM Nicola,IT
197,stefano-pirazzi,PIRAZZI Stefano,IT
198,simon-clarke,CLARKE Simon,AU
199,moreno-hofland,HOFLAND Moreno,NL
2,viacheslav-kuznetsov,KUZNETSOV Viacheslav,RU
12,pieter-vanspeybrouck,VANSPEYBROUCK Pieter,BE
14,tiesj-benoot,BENOOT Tiesj,BE
16,pavel-brutt,BRUTT Pavel,RU
20,niki-terpstra,TERPSTRA Niki,NL
25,bryan-coquard,COQUARD Bryan,FR
26,berden-de-vries,DE VRIES Berden,NL
27,alexander-porsev,PORSEV Alexander,RU
32,taylor-phinney,PHINNEY Taylor,US
33,edward-theuns,THEUNS Edward,BE
34,michal-golas,GOŁAŚ Michał,PL
38,nikolas-maes,MAES Nikolas,BE
40,bert-van-lerberghe,VAN LERBERGHE Bert,BE
42,bram-tankink,TANKINK Bram,NL
43,amaury-capiot,CAPIOT Amaury,BE
44,yohann-gene,GÈNE Yohann,FR
47,jasha-sutterlin,SÜTTERLIN Jasha,DE
48,mitchell-docker,DOCKER Mitchell,AU
51,paolo-simion,SIMION Paolo,IT
52,michael-schar,SCHÄR Michael,CH
53,jesper-asselman,ASSELMAN Jesper,NL
54,roy-jans,JANS Roy,BE
56,murilo-antonio-fischer,FISCHER Murilo Antonio,BR
58,tomasz-kiendys,KIENDYŚ Tomasz,PL
59,marko-kump,KUMP Marko,SI
60,jasper-de-buyst,DE BUYST Jasper,BE
62,raymond-kreder,KREDER Raymond,NL
63,michael-van-staeyen,VAN STAEYEN Michael,BE
65,robert-wagner,WAGNER Robert,DE
67,mike-teunissen,TEUNISSEN Mike,NL
68,sebastien-turgot,TURGOT Sébastien,FR
69,guillaume-van-keirsbulck,VAN KEIRSBULCK Guillaume,BE
70,danny-van-poppel,VAN POPPEL Danny,NL
71,sylvain-chavanel,CHAVANEL Sylvain,FR
74,sander-helven,HELVEN Sander,BE
75,josef-cerny,ČERNÝ Josef,CZ
77,wesley-kreder,KREDER Wesley,NL
79,tyler-farrar,FARRAR Tyler,US
80,nick-dougall,DOUGALL Nic,ZA
81,simon-pellaud,PELLAUD Simon,CH
82,maxime-daniel,DANIEL Maxime,FR
83,quentin-jauregui,JAUREGUI Quentin,FR
84,nico-denz,DENZ Nico,DE
85,damien-gaudin,GAUDIN Damien,FR
87,rick-zabel,ZABEL Rick,DE
92,grzegorz-stepniak,STĘPNIAK Grzegorz,PL
93,michal-paluta,PALUTA Michał,PL
95,florian-senechal,SÉNÉCHAL Florian,FR
96,kenneth-van-bilsen,VANBILSEN Kenneth,BE
98,hugo-hofstetter,HOFSTETTER Hugo,FR
100,jonas-ahlstrand,AHLSTRAND Jonas,SE
101,julien-morice,MORICE Julien,FR
102,adrien-petit,PETIT Adrien,FR
103,romain-cardis,CARDIS Romain,FR
104,angelo-tulik,TULIK Angélo,FR
105,tony-hurel,HUREL Tony,FR
106,johan-le-bon,LE BON Johan,FR
107,olivier-le-gac,LE GAC Olivier,FR
110,yoann-offredo,OFFREDO Yoann,FR
111,svein-tuft,TUFT Svein,CA
112,luke-durbridge,DURBRIDGE Luke,AU
113,magnus-cort-nielsen,CORT Magnus,DK
119,luka-pibernik,PIBERNIK Luka,SI
120,gang-xu,XU Gang,CN
122,chun-kai-feng,FENG Chun Kai,TW
124,fumiyuki-beppu,BEPPU Fumiyuki,JP
126,mekseb-debesay,DEBESAY Mekseb,ER
128,matthew-brammeier,BRAMMEIER Matt,IE
133,soren-kragh-andersen,KRAGH ANDERSEN Søren,DK
134,ramon-sinkeldam,SINKELDAM Ramon,NL
136,dmitriy-gruzdev,GRUZDEV Dmitriy,KZ
138,lieuwe-westra,WESTRA Lieuwe,NL
139,arman-kamyshev,KAMYSHEV Arman,KZ
140,aleksey-lutsenko,LUTSENKO Alexey,KZ
143,christian-knees,KNEES Christian,DE
144,andrew-fenn,FENN Andrew,GB
146,jonas-rickaert,RICKAERT Jonas,BE
147,gijs-van-hoecke,VAN HOECKE Gijs,BE
148,jef-van-meirhaeghe,VAN MEIRHAEGHE Jef,BE
149,preben-van-hecke,VAN HECKE Preben,BE
150,antoine-demoitie,DEMOITIÉ Antoine,BE
151,danilo-napolitano,NAPOLITANO Danilo,IT
152,simone-antonini,ANTONINI Simone,IT
153,tom-devriendt,DEVRIENDT Tom,BE
154,kenny-dehaes,DEHAES Kenny,BE
155,marco-marcato,MARCATO Marco,IT
156,mark-mcnally,MCNALLY Mark,GB
158,oliver-naesen,NAESEN Oliver,BE
162,vegard-stake-laengen,LAENGEN Vegard Stake,NO
165,nelson-oliveira,OLIVEIRA Nelson,PT
166,antonio-pedrero,PEDRERO Antonio,ES
167,jorge-arcas,ARCAS Jorge,ES
169,frederik-frison,FRISON Frederik,BE
172,andre-greipel,GREIPEL André,DE
173,andre-looij,LOOIJ André,NL
174,barry-markus,MARKUS Barry,NL
175,ivar-slik,SLIK Ivar,NL
176,tim-kerkhof,KERKHOF Tim,NL
178,erik-baska,BAŠKA Erik,SK
179,michael-gogl,GOGL Michael,AT
180,michael-kolar,KOLÁŘ Michael,SK
183,luca-sterbini,STERBINI Luca,IT
185,nicola-ruffoni,RUFFONI Nicola,IT
188,matti-breschel,BRESCHEL Matti,DK
190,alberto-bettiol,BETTIOL Alberto,IT
192,patrick-bevin,BEVIN Patrick,NZ
193,wouter-wippert,WIPPERT Wouter,NL
194,jack-bauer,BAUER Jack,NZ
196,alexis-gougeard,GOUGEARD Alexis,FR
6,imanol-erviti,ERVITI Imanol,ES
8,dimitri-claeys,CLAEYS Dimitri,BE
19,scott-thwaites,THWAITES Scott,GB
24,jakob-fuglsang,FUGLSANG Jakob,DK
44,juraj-sagan,SAGAN Juraj,SK
46,sjoerd-van-ginneken,VAN GINNEKEN Sjoerd,NL
47,timo-roosen,ROOSEN Timo,NL
48,frederik-backaert,BACKAERT Frederik,BE
50,stijn-steels,STEELS Stijn,BE
51,antoine-duchesne,DUCHESNE Antoine,CA
54,toms-skujins,SKUJIŅŠ Toms,LV
57,zakkari-dempster,DEMPSTER Zak,AU
59,stefan-kung,KÜNG Stefan,CH
61,tim-declercq,DECLERCQ Tim,BE
65,alexandre-pichot,PICHOT Alexandre,FR
72,andreas-schillinger,SCHILLINGER Andreas,DE
76,gianni-moscon,MOSCON Gianni,IT
77,sebastien-minard,MINARD Sébastien,FR
79,markel-irizar,IRIZAR Markel,ES
82,bjorn-thurau,THURAU Björn,DE
88,nils-politt,POLITT Nils,DE
90,maarten-wynants,WYNANTS Maarten,BE
91,pieter-weening,WEENING Pieter,NL
93,stijn-devolder,DEVOLDER Stijn,BE
98,iljo-keisse,KEISSE Iljo,BE
108,ryan-anderson,ANDERSON Ryan,CA
111,tony-martin,MARTIN Tony,DE
114,michel-kreder,KREDER Michel,NL
117,jasper-stuyven,STUYVEN Jasper,BE
128,patryk-stosz,STOSZ Patryk,PL
131,andrea-dal-col,DAL COL Andrea,IT
132,mirko-trosino,TROSINO Mirko,IT
133,giuseppe-fonzi,FONZI Giuseppe,IT
134,matteo-draperi,DRAPERI Matteo,IT
136,enrique-sanz,SANZ Enrique,ES
138,marc-sarreau,SARREAU Marc,FR
142,jack-haig,HAIG Jack,AU
145,alexey-tsatevich,TSATEVICH Alexey,RU
155,bernhard-eisel,EISEL Bernhard,AT
168,shane-archbold,ARCHBOLD Shane,NZ
169,ralf-matzka,MATZKA Ralf,DE
170,michael-schwarzmann,SCHWARZMANN Michael,DE
171,lukas-postlberger,PÖSTLBERGER Lukas,AT
177,jerome-baugnies,BAUGNIES Jérôme,BE
178,kevin-van-melsen,VAN MELSEN Kévin,BE
181,dries-devenyns,DEVENYNS Dries,BE
188,jelle-wallays,WALLAYS Jelle,BE
189,kai-reus,REUS Kai,NL
194,nikolay-trusov,TRUSOV Nikolay,RU
195,kristoffer-skjerping,SKJERPING Kristoffer,NO
0,mathew-hayman,HAYMAN Mathew,AU
36,borut-bozic,BOŽIČ Borut,SI
59,jonas-van-genechten,VAN GENECHTEN Jonas,BE
63,benoit-jarrier,JARRIER Benoît,FR
74,francis-mourey,MOUREY Francis,FR
79,edvaldas-siskevicius,ŠIŠKEVIČIUS Evaldas,LT
80,christophe-laborie,LABORIE Christophe,FR
90,robin-stenuit,STENUIT Robin,BE
94,steven-tronet,TRONET Steven,FR
95,floris-gerts,GERTS Floris,NL
96,maxime-farazijn,FARAZIJN Maxime,BE
98,vegard-breen,BREEN Vegard,NO
102,ryan-mullen,MULLEN Ryan,IE
117,twan-castelijns,CASTELIJNS Twan,NL
122,matthias-brandle,BRÄNDLE Matthias,AT
127,franck-bonnamour,BONNAMOUR Franck,FR
128,yauheni-hutarovich,HUTAROVICH Yauheni,BY
129,daniel-mclay,MCLAY Daniel,GB
130,boris-vallee,VALLÉE Boris,BE
133,gert-joeaar,JÕEÄÄR Gert,EE
136,fabien-grellier,GRELLIER Fabien,FR
139,daniel-hoelgaard,HOELGAARD Daniel,NO
149,vladimir-isaychev,ISAYCHEV Vladimir,RU
153,mario-costa,COSTA Mário,PT
156,boy-van-poppel,VAN POPPEL Boy,NL
163,lars-van-der-haar,VAN DER HAAR Lars,NL
164,maxat-ayazbayev,AYAZBAYEV Maxat,KZ
182,javier-moreno,MORENO Javier,ES
191,phillip-gaimon,GAIMON Phillip,US
192,yannick-martinez,MARTINEZ Yannick,FR
193,mikel-aristi,ARISTI Mikel,ES
194,martin-laas,LAAS Martin,EE
195,romain-combaud,COMBAUD Romain,FR
196,fredrik-strand-galta,GALTA Fredrik Strand,NO
197,benjamin-giraud,GIRAUD Benjamin,FR
0,enrico-gasparotto,GASPAROTTO Enrico,IT
1,michael-valgren-andersen,VALGREN Michael,DK
5,julian-alaphilippe,ALAPHILIPPE Julian,FR
8,loic-vliegen,VLIEGEN Loïc,BE
9,tim-wellens,WELLENS Tim,BE
10,simon-gerrans,GERRANS Simon,AU
13,bauke-mollema,MOLLEMA Bauke,NL
14,warren-barguil,BARGUIL Warren,FR
15,maurits-lammertink,LAMMERTINK Maurits,NL
16,rui-costa,COSTA Rui,PT
17,dylan-teuns,TEUNS Dylan,BE
19,daniel-moreno,MORENO Daniel,ES
20,floris-de-tier,DE TIER Floris,BE
21,diego-rosa,ROSA Diego,IT
22,robert-gesink,GESINK Robert,NL
23,ion-izagirre,IZAGIRRE Ion,ES
26,samuel-sanchez,SÁNCHEZ Samuel,ES
27,sergio-luis-henao,HENAO Sergio,CO
28,lars-petter-nordhaug,NORDHAUG Lars Petter,NO
29,wilco-kelderman,KELDERMAN Wilco,NL
30,petr-vakoc,VAKOČ Petr,CZ
31,alex-howes,HOWES Alex,US
33,ben-hermans,HERMANS Ben,BE
35,giulio-ciccone,CICCONE Giulio,IT
37,georg-preidler,PREIDLER Georg,AT
40,wout-poels,POELS Wout,NL
42,bob-jungels,JUNGELS Bob,LU
43,lawrence-warbasse,WARBASSE Larry,US
49,cyril-gautier,GAUTIER Cyril,FR
51,sebastian-henao,HENAO Sebastián,CO
52,pieter-serry,SERRY Pieter,BE
58,bert-jan-lindeman,LINDEMAN Bert-Jan,NL
60,jaco-venter,VENTER Jaco,ZA
61,kristian-sbaragli,SBARAGLI Kristian,IT
65,huub-duijn,DUIJN Huub,NL
67,jan-polanc,POLANC Jan,SI
68,robert-kiserlovski,KIŠERLOVSKI Robert,HR
69,alberto-losada,LOSADA Alberto,ES
73,gorka-izagirre,IZAGIRRE Gorka,ES
80,philippe-gilbert,GILBERT Philippe,BE
81,sergei-chernetski,CHERNETSKI Sergei,RU
82,david-tanner,TANNER David,AU
84,tiago-machado,MACHADO Tiago,PT
85,silvan-dillier,DILLIER Silvan,CH
86,ben-gastauer,GASTAUER Ben,LU
87,gianni-meersman,MEERSMAN Gianni,BE
89,jurgen-van-den-broeck,VAN DEN BROECK Jurgen,BE
90,tom-dumoulin,DUMOULIN Tom,NL
91,tosh-van-der-sande,VAN DER SANDE Tosh,BE
93,benoit-vaugrenard,VAUGRENARD Benoît,FR
94,maciej-paterski,PATERSKI Maciej,PL
98,matej-mohoric,MOHORIČ Matej,SI
102,benjamin-king-1,KING Ben,US
105,lukasz-owsian,OWSIAN Łukasz,PL
106,antwan-tolhoek,TOLHOEK Antwan,NL
108,valerio-conti,CONTI Valerio,IT
111,jesper-hansen-1,HANSEN Jesper,DK
112,daniele-colli,COLLI Daniele,IT
114,pier-paolo-de-negri,DE NEGRI Pier Paolo,IT
117,chad-haga,HAGA Chad,US
118,marco-minnaard,MINNAARD Marco,NL
119,otto-vergaerde,VERGAERDE Otto,BE
121,mikael-cherel,CHEREL Mikaël,FR
123,alexis-vuillermoz,VUILLERMOZ Alexis,FR
125,leszek-plucinski,PLUCIŃSKI Leszek,PL
129,riccardo-stacchiotti,STACCHIOTTI Riccardo,IT
130,giacomo-berlato,BERLATO Giacomo,IT
131,grega-bole,BOLE Grega,SI
132,yuma-koishi,KOISHI Yuma,JP
133,damiano-cunego,CUNEGO Damiano,IT
134,kazushige-kuboki,KUBOKI Kazushige,JP
135,thomas-boudat,BOUDAT Thomas,FR
138,thomas-voeckler,VOECKLER Thomas,FR
140,odd-christian-eiking,EIKING Odd Christian,NO
143,jeremy-roy,ROY Jérémy,FR
146,adam-yates,YATES Adam,GB
147,joaquim-rodriguez,RODRÍGUEZ Joaquim,ES
148,laurent-didier,DIDIER Laurent,LU
149,ryder-hesjedal,HESJEDAL Ryder,CA
151,kiel-reijnen,REIJNEN Kiel,US
154,frank-schleck,SCHLECK Fränk,LU
156,natnael-berhane,BERHANE Natnael,ER
157,youcef-reguigui,REGUIGUI Youcef,DZ
158,omar-fraile,FRAILE Omar,ES
163,fredrik-ludvigsson,LUDVIGSSON Fredrik,SE
164,johannes-frohlinger,FRÖHLINGER Johannes,DE
166,fabio-aru,ARU Fabio,IT
167,dario-cataldo,CATALDO Dario,IT
171,jens-wallays,WALLAYS Jens,BE
172,dries-van-gestel,VAN GESTEL Dries,BE
173,eliot-lietaer,LIETAER Eliot,BE
177,frederik-veuchelen,VEUCHELEN Frederik,BE
180,sondre-holst-enger,ENGER Sondre Holst,NO
181,jerome-coppel,COPPEL Jérôme,FR
182,stefan-denifl,DENIFL Stefan,AT
183,stef-clement,CLEMENT Stef,NL
184,rory-sutherland,SUTHERLAND Rory,AU
185,ruben-fernandez,FERNÁNDEZ Rubén,ES
189,johnny-hoogerland,HOOGERLAND Johnny,NL
191,yuri-trofimov,TROFIMOV Yuri,RU
192,jay-mccarthy,MCCARTHY Jay,AU
193,evgeni-petrov,PETROV Evgeni,RU
199,nathan-brown,BROWN Nathan,US
2,dan-martin,MARTIN Dan,IE
11,michael-woods,WOODS Michael,CA
16,rudy-molard,MOLARD Rudy,FR
18,pierre-latour,LATOUR Pierre,FR
24,daniel-navarro,NAVARRO Daniel,ES
25,louis-meintjes,MEINTJES Louis,ZA
31,andrey-zeits,ZEITS Andrey,KZ
34,peter-stetina,STETINA Peter,US
37,chris-anker-sorensen,SØRENSEN Chris Anker,DK
38,sam-oomen,OOMEN Sam,NL
39,florian-vachon,VACHON Florian,FR
42,julien-el-fares,EL FARES Julien,FR
53,fabian-wegmann,WEGMANN Fabian,DE
57,laurens-de-plus,DE PLUS Laurens,BE
58,anthony-delaplace,DELAPLACE Anthony,FR
59,igor-anton,ANTÓN Igor,ES
61,guillaume-martin,MARTIN Guillaume,FR
62,bart-de-clercq,DE CLERCQ Bart,BE
67,david-de-la-cruz,DE LA CRUZ David,ES
68,victor-campenaerts,CAMPENAERTS Victor,BE
71,laurent-pichon,PICHON Laurent,FR
72,marcel-wyss,WYSS Marcel,CH
75,armindo-fonseca,FONSECA Armindo,FR
77,christian-meier,MEIER Christian,CA
80,romain-hardy,HARDY Romain,FR
82,clement-chevrier,CHEVRIER Clément,FR
84,gaetan-bille,BILLE Gaëtan,BE
85,paolo-tiralongo,TIRALONGO Paolo,IT
86,oliver-zaugg,ZAUGG Oliver,CH
92,pawel-poljanski,POLJAŃSKI Paweł,PL
97,ivan-rovny,ROVNY Ivan,RU
103,tomasz-marczynski,MARCZYŃSKI Tomasz,PL
105,remy-di-gregorio,DI GRÉGORIO Rémy,FR
107,anthony-turgis,TURGIS Anthony,FR
120,lawson-craddock,CRADDOCK Lawson,US
126,daniel-teklehaimanot,TEKLEHAIMANOT Daniel,ER
128,michael-reihs,REIHS Michael,DK
130,alexey-vermeulen,VERMEULEN Alexey,US
132,julien-loubet,LOUBET Julien,FR
134,sander-armee,ARMÉE Sander,BE
138,nicolas-edet,EDET Nicolas,FR
139,jean-marc-bideau,BIDEAU Jean-Marc,FR
154,leonardo-duque,DUQUE Leonardo Fabio,FR
156,reinier-honig,HONIG Reinier,NL
157,delio-fernandez,FERNÁNDEZ Delio,ES
160,koen-bouwman,BOUWMAN Koen,NL
161,christian-mager,MAGER Christian,DE
163,kevin-ledanois,LEDANOIS Kévin,FR
164,brice-feillu,FEILLU Brice,FR
173,haimar-zubeldia,ZUBELDIA Haimar,ES
175,jacques-janse-van-rensburg,JANSE VAN RENSBURG Jacques,ZA
177,caleb-fairly,FAIRLY Caleb,US
181,lasse-norman-leth,NORMAN LETH Lasse ,DK
182,thomas-koep,KOEP Thomas,DE
183,linus-gerdemann,GERDEMANN Linus,DE
184,mads-pedersen,PEDERSEN Mads,DK
185,gerald-ciolek,CIOLEK Gerald,DE
193,thomas-de-gendt,DE GENDT Thomas,BE
197,daniel-diaz,DIAZ Daniel,AR
198,quentin-pacher,PACHER Quentin,FR
4,ilnur-zakarin,ZAKARIN Ilnur,RU
10,tanel-kangert,KANGERT Tanel,EE
12,romain-bardet,BARDET Romain,FR
52,merhawi-kudus,KUDUS Merhawi,ER
61,jean-christophe-peraud,PERAUD Jean-Christophe,FR
62,domenico-pozzovivo,POZZOVIVO Domenico,IT
65,steve-morabito,MORABITO Steve,CH
70,emanuel-buchmann,BUCHMANN Emanuel,DE
75,pierrick-fedrigo,FÉDRIGO Pierrick,FR
85,jose-mendes,MENDES José,PT
88,romain-sicard,SICARD Romain,FR
90,richie-porte,PORTE Richie,AU
92,kanstantsin-siutsou,SIUTSOU Kanstantsin,BY
104,maxime-bouet,BOUET Maxime,FR
109,bartosz-huzarski,HUZARSKI Bartosz,PL
111,christopher-froome,FROOME Chris,GB
112,rafal-majka,MAJKA Rafał,PL
113,yoann-bagot,BAGOT Yoann,FR
116,joey-rosskopf,ROSSKOPF Joey,US
138,sindre-skjoestad-lunke,LUNKE Sindre,NO
157,fabrice-jeandesboz,JEANDESBOZ Fabrice,FR
158,lilian-calmejane,CALMEJANE Lilian,FR
159,perrig-quemeneur,QUÉMÉNEUR Perrig,FR
160,jeremy-cornu,CORNU Jérémy,FR
167,rein-taaramae,TAARAMÄE Rein,EE
171,jack-bobridge,BOBRIDGE Jack,AU
176,dennis-van-winden,VAN WINDEN Dennis,NL
195,nick-van-der-lijke,VAN DER LIJKE Nick,NL
8,nicolas-roche,ROCHE Nicolas,IE
14,george-bennett,BENNETT George,NZ
23,mikel-nieve,NIEVE Mikel,ES
24,rigoberto-uran,URÁN Rigoberto,CO
28,steven-kruijswijk,KRUIJSWIJK Steven,NL
31,angel-madrazo,MADRAZO Ángel,ES
35,mathias-frank,FRANK Mathias,CH
38,alberto-contador,CONTADOR Alberto,ES
43,simone-petilli,PETILLI Simone,IT
45,pello-bilbao,BILBAO Pello,ES
47,kenny-elissonde,ELISSONDE Kenny,FR
49,egor-silin,SILIN Egor,RU
51,stephane-rossetto,ROSSETTO Stéphane,FR
56,davide-formolo,FORMOLO Davide,IT
63,sergio-pardilla,PARDILLA Sergio,ES
66,mikel-landa,LANDA Mikel,ES
76,ilia-koshevoy,KOSHEVOY Ilia,BY
80,jose-joaquin-rojas,ROJAS José Joaquín,ES
85,davide-villella,VILLELLA Davide,IT
87,david-arroyo,ARROYO David,ES
88,jonathan-castroviejo,CASTROVIEJO Jonathan,ES
89,hugh-carthy,CARTHY Hugh,GB
94,amets-txurruka,TXURRUKA Amets,ES
95,jaime-roson,ROSÓN Jaime,ES
100,adrien-niyonshuti,NIYONSHUTI Adrien,RW
103,cedric-pineau,PINEAU Cédric,FR
104,jesus-hernandez-3,HERNÁNDEZ BLÁZQUEZ Jesús,ES
108,lluis-guillermo-mas,MAS Lluís,ES
112,david-lopez,LÓPEZ David,ES
113,blel-kadri,KADRI Blel,FR
114,guillaume-bonnafond,BONNAFOND Guillaume,FR
115,peter-velits,VELITS Peter,SK
116,carlos-barbero,BARBERO Carlos,ES
118,loic-chetout,CHETOUT Loïc,FR
121,alexandre-geniez,GENIEZ Alexandre,FR
127,jhonatan-restrepo,RESTREPO Jhonatan,CO
128,przemyslaw-niemiec,NIEMIEC Przemysław,PL
133,songezo-jim,JIM Songezo,ZA
134,steven-lammertink,LAMMERTINK Steven,NL
137,laurens-ten-dam,TEN DAM Laurens,NL
141,davide-malacarne,MALACARNE Davide,IT
143,xabier-zandio,ZANDIO Xabier,ES
145,pirmin-lang,LANG Pirmin,CH
149,louis-vervaeke,VERVAEKE Louis,BE
151,sean-de-bie,DE BIE Sean,BE
155,sergio-paulinho,PAULINHO Sérgio Miguel,PT
0,caleb-ewan,EWAN Caleb,AU
1,john-degenkolb,DEGENKOLB John,DE
5,dylan-groenewegen,GROENEWEGEN Dylan,NL
12,ruslan-tleubayev,TLEUBAYEV Ruslan,KZ
18,jordi-simon,SIMÓN Jordi,ES
23,jiri-polnicky,POLNICKÝ Jiří,CZ
24,kamil-gradek,GRADEK Kamil,PL
28,ruben-zepuntke,ZEPUNTKE Ruben,DE
78,marcel-kittel,KITTEL Marcel,DE
79,phil-bauhaus,BAUHAUS Phil,DE
88,rasmus-guldhammer,GULDHAMMER Rasmus,DK
89,alexander-kamp,KAMP Alexander,DK
95,davide-martinelli,MARTINELLI Davide,IT
102,rayane-bouhanni,BOUHANNI Rayane,FR
110,julien-berard,BÉRARD Julien,FR
125,pawel-franczak,FRANCZAK Paweł,PL
127,jesus-herrada-lopez,HERRADA Jesús,ES
128,adrian-banaszek,BANASZEK Adrian,PL
139,daniil-fominykh,FOMINYKH Daniil,KZ
143,norbert-banaszek,BANASZEK Norbert,PL
147,manuel-senni,SENNI Manuel,IT
156,julian-david-arredondo,ARREDONDO Julián David,CO
161,max-walscheid,WALSCHEID Max,DE
162,andrea-guardini,GUARDINI Andrea,IT
165,jonas-tenbrock,TENBROCK Jonas,DE
170,alex-dowsett,DOWSETT Alex,GB
172,jonas-koch,KOCH Jonas,DE
173,stanislaw-aniolkowski,ANIOŁKOWSKI Stanisław,PL
16,samuel-dumoulin,DUMOULIN Samuel,FR
58,simone-velasco,VELASCO Simone,IT
61,jonathan-fumeaux,FUMEAUX Jonathan,CH
65,edoardo-zardini,ZARDINI Edoardo,IT
66,thomas-degand,DEGAND Thomas,BE
80,thierry-hupond,HUPOND Thierry,FR
83,lukasz-wisniowski,WIŚNIOWSKI Łukasz,PL
103,amael-moinard,MOINARD Amaël,FR
107,carlos-verona,VERONA Carlos,ES
118,eduardo-sepulveda,SEPÚLVEDA Eduardo,AR
120,arnaud-gerard,GÉRARD Arnaud,FR
125,jan-hirt,HIRT Jan,CZ
136,felix-grossschartner,GROßSCHARTNER Felix,AT
137,branislau-samoilau,SAMOILAU Branislau,BY
150,ruben-plaza,PLAZA Rubén,ES
155,dmitry-kozonchuk,KOZONTCHUK Dmitry,RU
164,johann-van-zyl,VAN ZYL Johann,ZA
180,philip-deignan,DEIGNAN Philip,IE
185,marc-soler,SOLER Marc,ES
198,asbjorn-kragh-andersen,KRAGH ANDERSEN Asbjørn,DK
16,guillaume-boivin,BOIVIN Guillaume,CA
32,bruno-langlois,LANGLOIS Bruno,CA
40,brent-bookwalter,BOOKWALTER Brent,US
43,david-drouin,DROUIN David,CA
53,andre-cardoso,CARDOSO André,PT
110,benjamin-perry,PERRY Benjamin,CA
125,jeremy-maison,MAISON Jérémy,FR
130,maxim-belkov,BELKOV Maxim,RU
158,nigel-ellsay,ELLSAY Nigel,CA
159,matteo-dal-cin,DAL-CIN Matteo,CA
160,alexander-cataford,CATAFORD Alexander,CA
161,nicolas-masbourian-parent,MASBOURIAN Nicolas,CA
163,adriano-malori,MALORI Adriano,IT
164,kris-boeckmans,BOECKMANS Kris,BE
0,johan-esteban-chaves,CHAVES Esteban,CO
12,rodolfo-andres-torres,TORRES Rodolfo Andrés,CO
15,matvey-mamykin,MAMYKIN Matvey,RU
17,darwin-atapuma,ATAPUMA Darwin,CO
22,sebastien-reichenbach,REICHENBACH Sébastien,CH
24,alessio-taliani,TALIANI Alessio,IT
44,pavel-kochetkov,KOCHETKOV Pavel,RU
45,yonder-godoy,GODOY Yonder,VE
55,andrei-solomennikov,SOLOMENNIKOV Andrei,RU
62,hubert-dupont,DUPONT Hubert,FR
76,genki-yamamoto,YAMAMOTO Genki,JP
77,iuri-filosi,FILOSI Iuri,IT
78,gianfranco-zilioli,ZILIOLI Gianfranco,IT
79,eduard-michael-grosu,GROSU Eduard-Michael,RO
81,anthony-perez,PEREZ Anthony,FR
86,rafael-andriato,ANDRIATO Rafael,BR
87,eugert-zhupa,ZHUPA Eugert,AL
90,cristian-rodriguez,RODRÍGUEZ Cristián,ES
96,damien-howson,HOWSON Damien,AU
99,robert-power,POWER Robert,AU
107,kristijan-durasek,ĐURASEK Kristijan,HR
110,julien-bernard,BERNARD Julien,FR
132,tobias-ludvigsson,LUDVIGSSON Tobias,SE
141,miguel-angel-lopez,LÓPEZ Miguel Ángel,CO
145,vasil-kiryienka,KIRYIENKA Vasil,BY
147,leopold-konig,KÖNIG Leopold,CZ
149,sergey-firsanov,FIRSANOV Sergey,RU
150,alexander-foliforov,FOLIFOROV Alexander,RU
151,evgeny-shalunov,SHALUNOV Evgeny,RU
152,alexandr-kolobnev,KOLOBNEV Alexandr,RU
153,aydar-zakarin,ZAKARIN Aydar,RU
154,artem-nych,NYCH Artem,RU
155,igor-boev,BOEV Igor,RU
167,gert-dockx,DOCKX Gert,BE
172,maxime-monfort,MONFORT Maxime,BE
182,marco-bandiera,BANDIERA Marco,IT
185,alberto-nardin,NARDIN Alberto,IT
186,daniele-ratto,RATTO Daniele,IT
189,francesco-manuel-bongiorno,BONGIORNO Francesco Manuel,IT
2,cameron-meyer,MEYER Cameron,AU
11,rafael-valls,VALLS Rafael,ES
13,lucas-hamilton,HAMILTON Lucas,AU
15,jai-hindley,HINDLEY Jai,AU
17,michael-storer,STORER Michael,AU
18,janier-alexis-acevedo,ACEVEDO Janier,CO
19,brendan-canty,CANTY Brendan,AU
24,baptiste-planckaert,PLANCKAERT Baptiste,BE
26,aaron-gate,GATE Aaron,NZ
28,james-shaw,SHAW James,GB
41,jonathan-clarke,CLARKE Jonathan,AU
43,lachlan-norris,NORRIS Lachlan,AU
45,jose-goncalves,GONÇALVES José,PT
54,cameron-bayley,BAYLY Cameron,AU
59,scott-bowden,BOWDEN Scott,AU
61,jeroen-meijers,MEIJERS Jeroen,NL
62,travis-mccabe,MCCABE Travis,US
63,michael-hepburn,HEPBURN Michael,AU
69,ben-o-connor,O'CONNOR Ben,AU
70,peter-koning,KONING Peter,NL
71,chris-hamilton,HAMILTON Chris,AU
76,alexander-porter,PORTER Alexander,AU
78,taco-van-der-hoorn,VAN DER HOORN Taco,NL
79,tim-ariesen,ARIESEN Tim,NL
82,sergey-nikolaev,NIKOLAEV Sergey,RU
83,francois-bidard,BIDARD François,FR
85,martijn-tusveld,TUSVELD Martijn,NL
86,conor-dunne,DUNNE Conor,IE
87,martin-velits,VELITS Martin,SK
89,lennard-hofstede,HOFSTEDE Lennard,NL
91,enric-mas,MAS Enric,ES
93,tanner-putt,PUTT Tanner,US
94,miles-scotson,SCOTSON Miles,AU
95,rohan-dennis,DENNIS Rohan,AU
97,lachlan-morton,MORTON Lachlan,AU
98,calvin-watson,WATSON Calvin,AU
99,ivan-savitskiy,SAVITSKIY Ivan,RU
100,artur-ershov,ERSHOV Artur,RU
105,adrian-hegyvary,HEGYVARY Adrian,US
106,gregory-henderson,HENDERSON Gregory,NZ
108,ruben-guerreiro,GUERREIRO Ruben,PT
115,pascal-ackermann,ACKERMANN Pascal,DE
119,kirill-sveshnikov,SVESHNIKOV Kirill,RU
124,william-clarke,CLARKE Will,AU
22,justin-jules,JULES Justin,FR
31,kevyn-ista,ISTA Kevyn,BE
42,brian-van-goethem,VAN GOETHEM Brian,NL
61,jimmy-turgis,TURGIS Jimmy,FR
62,christoph-pfingsten,PFINGSTEN Christoph,DE
66,thomas-sprengers,SPRENGERS Thomas,BE
73,olivier-pardini,PARDINI Olivier,BE
88,lawrence-naesen,NAESEN Lawrence,BE
89,sander-cordeel,CORDEEL Sander,BE
90,ivan-garcia-cortina,GARCÍA CORTINA Iván,ES
94,maxime-vantomme,VANTOMME Maxime,BE
96,yves-lampaert,LAMPAERT Yves,BE
114,thomas-scully,SCULLY Tom,NZ
115,pierre-luc-perichon,PÉRICHON Pierre-Luc,FR
117,julien-duval,DUVAL Julien,FR
121,erwann-corbel,CORBEL Erwann,FR
133,marc-fournier,FOURNIER Marc,FR
141,jenthe-biermans,BIERMANS Jenthe,BE
153,truls-korsaeth,KORSÆTH Truls Engen,NO
159,kevin-deltombe,DELTOMBE Kevin,BE
160,edward-planckaert,PLANCKAERT Edward,BE
161,aime-de-gendt,DE GENDT Aimé,BE
162,julien-stassen,STASSEN Julien,BE
163,alex-kirsch,KIRSCH Alex,LU
164,lukas-spengler,SPENGLER Lukas,CH
168,dries-de-bondt,DE BONDT Dries,BE
171,stef-van-zummeren,VAN ZUMMEREN Stef,BE
172,christophe-premont,PREMONT Christophe,BE
177,coen-vermeltfoort,VERMELTFOORT Coen,NL
179,jens-mouris,MOURIS Jens,NL
181,tyler-williams,WILLIAMS Tyler,US
182,aviv-yechezkel,YECHEZKEL Aviv,IL
184,mihkel-raim,RÄIM Mihkel,EE
185,hamish-schreurs,SCHREURS Hamish,NZ
186,jon-ander-insausti,INSAUSTI Jon Ander,ES
188,antonio-nibali,NIBALI Antonio,IT
190,domen-novak,NOVAK Domen,SI
191,david-per,PER David,SI
198,elmar-reinders,REINDERS Elmar,NL
8,thibaut-pinot,PINOT Thibaut,FR
17,ondrej-cink,CINK Ondřej,CZ
34,primoz-roglic,ROGLIČ Primož,SI
36,tao-geoghegan-hart,GEOGHEGAN HART Tao,GB
50,nans-peters,PETERS Nans,FR
54,marco-canola,CANOLA Marco,IT
57,richard-carapaz,CARAPAZ Richard,EC
64,mattia-frapporti,FRAPPORTI Mattia,IT
71,fausto-masnada,MASNADA Fausto,IT
81,ivan-santaromita,SANTAROMITA Ivan,IT
88,raffaello-bonusi,BONUSI Raffaello,IT
95,nicola-bagioli,BAGIOLI Nicola,IT
96,kohei-uchima,UCHIMA Kohei,JP
106,alexander-edmondson,EDMONDSON Alex,AU
107,marco-mathis,MATHIS Marco,DE
109,mads-wurtz-schmidt,WÜRTZ SCHMIDT Mads,DK
110,edward-ravasi,RAVASI Edward,IT
112,oliviero-troia,TROIA Oliviero,IT
125,ariel-maximiliano-richeze,RICHEZE Maximiliano,AR
139,owain-doull,DOULL Owain,GB
140,ian-boswell,BOSWELL Ian,US
145,nuno-bico,BICO Nuno,PT
150,davide-ballerini,BALLERINI Davide,IT
151,marco-benfatto,BENFATTO Marco,IT
152,ivan-ramiro-sosa,SOSA Iván Ramiro,CO
153,luca-pacioni,PACIONI Luca,IT
156,luca-wackermann,WACKERMANN Luca,IT
167,andrea-vendrame,VENDRAME Andrea,IT
59,matteo-busato,BUSATO Matteo,IT
89,jacopo-mosca,MOSCA Jacopo,IT
148,hector-carretero,CARRETERO Héctor,ES
157,andrea-palini,PALINI Andrea,IT
182,fabio-calabria,CALABRIA Fabio,AU
189,rik-van-ijzendoorn,VAN IJZENDOORN Rik,NL
191,umberto-poli,POLI Umberto,IT
192,roman-maikin,MAIKIN Roman,RU
194,brian-kamstra,KAMSTRA Brian,NL
195,hideto-nakane,NAKANE Hideto,JP
40,rudy-barbier,BARBIER Rudy,FR
59,kenneth-van-rooy,VAN ROOY Kenneth,BE
91,simone-consonni,CONSONNI Simone,IT
121,krists-neilands,NEILANDS Krists,LV
123,daniel-turek,TUREK Daniel,CZ
139,amund-grondahl-jansen,JANSEN Amund Grøndahl,NO
146,tom-bohli,BOHLI Tom,CH
148,riccardo-minali,MINALI Riccardo,IT
168,lorrenzo-manzin,MANZIN Lorrenzo,FR
180,thomas-deruette,DERUETTE Thomas,BE
181,ludwig-de-winter,DE WINTER Ludwig,BE
187,aidis-kruopis,KRUOPIS Aidis,LT
188,elias-van-breussegem,VAN BREUSSEGEM Elias,BE
189,timothy-dupont,DUPONT Timothy,BE
190,michael-goolaerts,GOOLAERTS Michael,BE
192,guy-sagiv,SAGIV Guy,IL
73,andrea-pasqualon,PASQUALON Andrea,IT
110,christophe-masson,MASSON Christophe,FR
135,filippo-ganna,GANNA Filippo,IT
158,jonathan-dibben,DIBBEN Jonathan,GB
167,jimmy-duquennoy,DUQUENNOY Jimmy,BE
62,alex-turrin,TURRIN Alex,IT
87,dion-smith,SMITH Dion,NZ
135,liam-bertazzo,BERTAZZO Liam,IT
159,zhandos-bizhigitov,BIZHIGITOV Zhandos,KZ
195,meiyin-wang,WANG Meiyin,CN
16,piet-allegaert,ALLEGAERT Piet,BE
153,ryan-gibbons,GIBBONS Ryan,ZA
173,benjamin-declercq,DECLERCQ Benjamin,BE
191,romain-lemarchand,LEMARCHAND Romain,FR
50,xandro-meurisse,MEURISSE Xandro,BE
58,jonathan-hivert,HIVERT Jonathan,FR
77,martijn-budding,BUDDING Martijn,NL
88,jan-tratnik,TRATNIK Jan,SI
89,jakub-kaczmarek,KACZMAREK Jakub,PL
104,maximilian-schachmann,SCHACHMANN Maximilian,DE
115,nikita-stalnov,STALNOV Nikita,KZ
116,arnaud-courteille,COURTEILLE Arnaud,FR
119,oscar-riesebeek,RIESEBEEK Oscar,NL
132,frantisek-sisr,SISR František,CZ
133,paul-ourselin,OURSELIN Paul,FR
148,gregory-daniel,DANIEL Gregory,US
175,remy-mertz,MERTZ Rémy,BE
180,vincenzo-albanese,ALBANESE Vincenzo,IT
182,marco-maronese,MARONESE Marco,IT
187,yukiya-arashiro,ARASHIRO Yukiya,JP
8,david-gaudu,GAUDU David,FR
34,elie-gesbert,GESBERT Élie,FR
81,dimitri-peyskens,PEYSKENS Dimitri,BE
94,antoine-warnier,WARNIER Antoine,BE
96,bryan-nauleau,NAULEAU Bryan,FR
98,sebastien-delfosse,DELFOSSE Sébastien,BE
119,mark-christian,CHRISTIAN Mark,GB
130,tsgabu-gebremaryam-grmay,GRMAY Tsgabu,ET
149,gregory-habeaux,HABEAUX Grégory,BE
156,romain-guillemois,GUILLEMOIS Romain,FR
183,ruben-pols,POLS Ruben,BE
187,fabien-doubey,DOUBEY Fabien,FR
196,daniel-pearson,PEARSON Daniel,GB
181,ludovic-robeet,ROBEET Ludovic,BE
192,etienne-van-empel,VAN EMPEL Etienne,NL
83,yousef-mohamed-mirza,MIRZA Yousif,AE
93,daan-olivier,OLIVIER Daan,NL
114,guillaume-levarlet,LEVARLET Guillaume,FR
126,georg-zimmermann,ZIMMERMANN Georg,DE
127,jonas-rapp,RAPP Jonas,DE
128,nikodemus-holler,HOLLER Nikodemus,DE
129,georg-loef,LOEF Georg,DE
131,raphael-freienstein,FREIENSTEIN Raphael,DE
132,carl-soballa,SOBALLA Carl,DE
133,christopher-hatz,HATZ Christopher,DE
142,enzo-wouters,WOUTERS Enzo,BE
152,martyn-irvine,IRVINE Martyn,IE
37,jose-herrada,HERRADA José,ES
41,janez-brajkovic,BRAJKOVIČ Janez,SI
78,artyom-zakharov,ZAKHAROV Artyom,KZ
93,nick-schultz,SCHULTZ Nick,AU
95,hector-saez,SÁEZ Héctor,ES
96,rafael-reis,REIS Rafael,PT
97,eduard-prades,PRADES Eduard,ES
98,mathias-le-turnier,LE TURNIER Mathias,FR
102,leo-vincent,VINCENT Léo,FR
141,silvio-herklotz,HERKLOTZ Silvio,DE
146,benat-intxausti,INTXAUSTI Beñat,ES
156,andrew-talansky,TALANSKY Andrew,US
24,jonathan-lastra,LASTRA Jonathan,ES
41,fabricio-ferrari,FERRARI Fabricio,UY
45,jon-irisarri,IRISARRI Jon,ES
85,jose-manuel-diaz-gallego,DÍAZ José Manuel,ES
91,josu-zabala,ZABALA Josu,ES
92,dylan-page,PAGE Dylan,CH
99,mateusz-taciak,TACIAK Mateusz,PL
107,nathan-van-hooydonck,VAN HOOYDONCK Nathan,BE
109,alberto-cecchin,CECCHIN Alberto,IT
116,jason-lowndes,LOWNDES Jason,AU
120,piotr-brozyna,BROŻYNA Piotr,PL
141,roy-goldstein,GOLDSTEIN Roy,IL
142,matteo-malucelli,MALUCELLI Matteo,IT
44,remi-cavagna,CAVAGNA Rémi,FR
92,dorian-godon,GODON Dorian,FR
148,martijn-keizer,KEIZER Martijn,NL
157,kamil-malecki,MAŁECKI Kamil,PL
34,mauro-finetto,FINETTO Mauro,IT
78,pierre-rolland,ROLLAND Pierre,FR
97,clement-venturini,VENTURINI Clément,FR
76,jack-burke,BURKE Jack,CA
129,bakhtiyar-kozhatayev,KOZHATAYEV Bakhtiyar,KZ
153,marc-antoine-soucy,SOUCY Marc-antoine,CA
154,alexander-cowan,COWAN Alexander,CA
155,pier-andre-cote,COTÉ Pier-André,CA
8,nairo-quintana,QUINTANA Nairo,CO
12,egan-bernal,BERNAL Egan,CO
93,alessandro-bisolti,BISOLTI Alessandro,IT
108,marino-kobayashi,KOBAYASHI Marino,JP
122,miguel-eduardo-florez,FLÓREZ Miguel Eduardo,CO
170,ildar-arslanov,ARSLANOV Ildar,RU
188,simone-sterbini,STERBINI Simone,IT
31,wout-van-aert,VAN AERT Wout,BE
36,patrick-muller,MÜLLER Patrick,CH
103,bram-welten,WELTEN Bram,NL
106,michael-carbel,CARBEL Michael,DK
120,alexandr-riabushenko,RIABUSHENKO Alexandr,BY
144,christopher-lawless,LAWLESS Chris,GB
156,senne-leysen,LEYSEN Senne,BE
171,logan-owen,OWEN Logan,US
19,valentin-madouas,MADOUAS Valentin,FR
52,sepp-kuss,KUSS Sepp,US
54,sho-hatsuyama,HATSUYAMA Sho,JP
56,damiano-cima,CIMA Damiano,IT
57,marco-tizza,TIZZA Marco,IT
80,joan-bou,BOU Joan,ES
84,bruno-armirail,ARMIRAIL Bruno,FR
114,lennard-kamna,KÄMNA Lennard,DE
121,leonardo-basso,BASSO Leonardo,IT
127,mathias-de-witte,DE WITTE Mathias,BE
135,kevin-rivera,RIVERA Kevin,CR
137,matteo-spreafico,SPREAFICO Matteo,IT
140,mark-padun,PADUN Mark,UA
145,kim-magnusson,MAGNUSSON Kim,SE
44,august-jensen,JENSEN August,NO
82,neilson-powless,POWLESS Neilson,US
97,giovanni-carboni,CARBONI Giovanni,IT
100,aleksandr-vlasov,VLASOV Aleksandr,RU
132,stepan-kurianov,KURIANOV Stepan,RU
135,sam-brand,BRAND Sam,GB
146,nikolay-cherkasov,CHERKASOV Nikolay,RU
163,evgeny-kobernyak,KOBERNYAK Evgeny,RU
11,jan-willem-van-schip,VAN SCHIP Jan-Willem,NL
56,jeremy-lecroq,LECROQ Jérémy,FR
62,christophe-noppe,NOPPE Christophe,BE
108,tanguy-turgis,TURGIS Tanguy,FR
122,kristoffer-halvorsen,HALVORSEN Kristoffer,NO
162,jordi-warlop,WARLOP Jordi,BE
88,milan-menten,MENTEN Milan,BE
89,casper-pedersen,PEDERSEN Casper,DK
100,alvaro-jose-hodeg,HODEG Álvaro José,CO
123,simon-sellier,SELLIER Simon,FR
144,aaron-verwilst,VERWILST Aaron,BE
129,pascal-eenkhoorn,EENKHOORN Pascal,NL
147,julien-mortier,MORTIER Julien,BE
97,julien-trarieux,TRARIEUX Julien,FR
169,brenton-jones,JONES Brenton,AU
172,przemyslaw-kasperkiewicz,KASPERKIEWICZ Przemysław,PL
173,corentin-ermenault,ERMENAULT Corentin,FR
174,adrien-garel,GAREL Adrien,FR
47,benoit-cosnefroy,COSNEFROY Benoît,FR
81,edward-irl-dunbar,DUNBAR Eddie,IE
96,scott-davies,DAVIES Scott,GB
105,romain-seigle,SEIGLE Romain,FR
111,willie-smit,SMIT Willie,ZA
112,steff-cras,CRAS Steff,BE
120,amanuel-ghebreigzabhier,GHEBREIGZABHIER Amanuel,ER
172,justin-mottier,MOTTIER Justin,FR
54,hermann-pernsteiner,PERNSTEINER Hermann,AT
70,bjorg-lambrecht,LAMBRECHT Bjorg,BE
110,kilian-frankiny,FRANKINY Kilian,CH
122,matteo-fabbro,FABBRO Matteo,IT
131,nickolas-dlamini,DLAMINI Nic,ZA
133,james-knox,KNOX James,GB
144,mathias-van-gompel,VAN GOMPEL Mathias,BE
163,lucas-de-rossi,DE ROSSI Lucas,FR
167,john-anderson-rodriguez,RODRÍGUEZ Jhon Anderson,CO
34,amaro-manuel-antunes,ANTUNES Amaro,PT
47,michal-schlegel,SCHLEGEL Michal,CZ
87,pawel-cieslik,CIEŚLIK Paweł,PL
89,fabio-jakobsen,JAKOBSEN Fabio,NL
95,yevgeniy-gidich,GIDICH Yevgeniy,KZ
120,alex-frame,FRAME Alex,NZ
21,alex-aranburu,ARANBURU Alex,ES
46,jesus-ezquerra-muela,EZQUERRA Jesús,ES
47,mikel-iturria,ITURRIA Mikel,ES
48,jhonatan-narvaez,NARVÁEZ Jhonatan,EC
53,jetse-bol,BOL Jetse,NL
66,cyril-barthe,BARTHE Cyril,FR
68,sergio-rodriguez,RODRÍGUEZ Sergio,ES
77,kasper-asgreen,ASGREEN Kasper,DK
80,pablo-torres,TORRES Pablo,ES
91,jorge-cubero,CUBERO Jorge,ES
92,diego-rubio,RUBIO Diego,ES
94,nelson-soto,SOTO Nelson Andrés,CO
139,julen-irizar,IRIZAR Julen,ES
140,garikoitz-bravo,BRAVO Garikoitz,ES
141,mikel-bizkarra,BIZKARRA Mikel,ES
142,aritz-bagues,BAGÜES Aritz,ES
21,arjen-livyns,LIVYNS Arjen,BE
43,sergey-shilov,SHILOV Sergey,RU
104,stan-godrie,GODRIE Stan,NL
84,clement-russo,RUSSO Clément,FR
95,luca-raggio,RAGGIO Luca,IT
159,julius-van-den-berg,VAN DEN BERG Julius,NL
165,jeremy-leveau,LEVEAU Jérémy,FR
23,brandon-mcnulty,MCNULTY Brandon,US
40,james-piccoli,PICCOLI James,CA
61,jaime-castrillo,CASTRILLO Jaime,ES
76,robin-carpenter,CARPENTER Robin,US
99,rob-britton,BRITTON Rob,CA
100,adam-roberge,ROBERGE Adam,CA
104,harm-vanhoucke,VANHOUCKE Harm,BE
105,nathan-earle,EARLE Nathan,AU
120,adam-de-vos,DE VOS Adam,CA
121,colin-joyce,JOYCE Colin,US
138,edward-walsh,WALSH Edward,CA
139,nickolas-zukowsky,ZUKOWSKY Nickolas,CA
143,joe-dombrowski,DOMBROWSKI Joe,US
129,charlesetienne-chretien,CHRÉTIEN Charles-Étienne,CA
136,guy-niv,NIV Guy,IL
36,nicola-conci,CONCI Nicola,IT
57,sebastian-schonberger,SCHÖNBERGER Sebastian,AT
108,romain-le-roux,LE ROUX Romain,FR
109,filippo-zaccanti,ZACCANTI Filippo,IT
128,niklas-eg,EG Niklas,DK
154,omer-goldstein,GOLDSTEIN Omer,IL
156,awet-gebremedhin-andemeskel,GEBREMEDHIN Awet,SE
163,umberto-orsini,ORSINI Umberto,IT
21,dylan-sunderland,SUNDERLAND Dylan,AU
35,pavel-sivakov,SIVAKOV Pavel,RU
43,tadej-pogacar,POGAČAR Tadej,SI
44,jasper-philipsen,PHILIPSEN Jasper,BE
45,cees-bol,BOL Cees,NL
47,szymon-sajnok,SAJNOK Szymon,PL
52,carl-fredrik-hagen,HAGEN Carl Fredrik,NO
55,ayden-toovey,TOOVEY Ayden,AU
58,michael-freiberg,FREIBERG Michael,AU
65,nicholas-white2,WHITE Nicholas,AU
71,james-whelan,WHELAN James,AU
72,harry-sweeny,SWEENY Harry,AU
73,robert-stannard,STANNARD Robert,AU
75,jonas-gregaard,GREGAARD Jonas,DK
79,mikkel-honore,HONORÉ Mikkel Frølich,DK
96,dmitry-strakhov,STRAKHOV Dmitry,RU
97,nathan-elliott,ELLIOTT Nathan,AU
100,ivo-emanuel-alves,OLIVEIRA Ivo,PT
105,max-kanter,KANTER Max,DE
108,carter-turnbull,TURNBULL Carter,AU
73,damien-touze,TOUZÉ Damien,FR
75,jimmy-janssens,JANSSENS Jimmy,BE
99,emils-liepins,LIEPIŅŠ Emīls,LV
109,lionel-taminiaux,TAMINIAUX Lionel,BE
111,marcel-meisen,MEISEN Marcel,DE
112,maarten-van-trijp,VAN TRIJP Maarten,NL
113,joeri-stallaert,STALLAERT Joeri,BE
122,edoardo-affini,AFFINI Edoardo,IT
127,harry-tanfield,TANFIELD Harry,GB
130,juan-sebastian-molano,MOLANO Juan Sebastián,CO
139,rasmus-tiller,TILLER Rasmus,NO
157,tom-wirtgen,WIRTGEN Tom,LU
60,jonathan-klever-caicedo,CAICEDO Jonathan Klever,EC
72,marc-hirschi,HIRSCHI Marc,CH
81,andrea-garosio,GAROSIO Andrea,IT
83,giovanni-lonardi,LONARDI Giovanni,IT
116,callum-scotson,SCOTSON Callum,AU
123,matteo-moschetti,MOSCHETTI Matteo,IT
125,gino-mader,MÄDER Gino,CH
140,sean-bennett,BENNETT Sean,US
143,maxime-cam,CAM Maxime,FR
76,umberto-marengo,MARENGO Umberto,IT
140,peter-kusztor,KUSZTOR Péter,HU
166,alessandro-pessot,PESSOT Alessandro,IT
15,aksel-nommela,NÕMMELA Aksel,EE
72,pawel-bernas,BERNAS Paweł,PL
80,justin-timmermans,TIMMERMANS Justin,NL
85,mathieu-burgaudeau,BURGAUDEAU Mathieu,FR
86,florian-stork,STORK Florian,DE
96,stan-dewulf,DEWULF Stan,BE
97,franklin-six,SIX Franklin,BE
98,mathijs-paasschens,PAASSCHENS Mathijs,NL
103,robbe-ghys,GHYS Robbe,BE
104,sasha-weemaes,WEEMAES Sasha,BE
110,filippo-fortin,FORTIN Filippo,IT
114,alfdan-de-decker,DE DECKER Alfdan,BE
146,thimo-willems,WILLEMS Thimo,BE
162,rasmus-byriel-iversen,IVERSEN Rasmus,DK
164,clement-carisey,CARISEY Clément,FR
3,mathieu-van-der-poel,VAN DER POEL Mathieu,NL
27,gianni-vermeersch,VERMEERSCH Gianni,BE
136,emiel-planckaert,PLANCKAERT Emiel,BE
100,alan-riou,RIOU Alan,FR
107,joseph-areruya,ARERUYA Joseph,RW
113,philipp-walsleben,WALSLEBEN Philipp,DE
60,mario-gonzalez-salas,GONZÁLEZ Mario,ES
98,aurelien-paret-peintre,PARET-PEINTRE Aurélien,FR
104,william-barta,BARTA Will,US
118,gavin-mannion,MANNION Gavin,US
151,kenny-molly,MOLLY Kenny,BE
158,oscar-rodriguez,RODRÍGUEZ Óscar,ES
162,ander-barrenetxea,BARRENETXEA Ander,ES
166,edwin-avila,ÁVILA Edwin,CO
150,aaron-van-poucke,VAN POUCKE Aaron,BE
6,davide-gabburo,GABBURO Davide,IT
19,joris-nieuwenhuis,NIEUWENHUIS Joris,NL
41,lorenzo-fortunato,FORTUNATO Lorenzo,IT
49,geoffrey-bouchard,BOUCHARD Geoffrey,FR
84,rui-oliveira,OLIVEIRA Rui,PT
107,massimo-rosa,ROSA Massimo,IT
136,anton-vorobyev,VOROBYEV Anton,RU
0,remco-evenepoel,EVENEPOEL Remco,BE
45,jaakko-hanninen,HÄNNINEN Jaakko,FI
55,riccardo-zoidl,ZOIDL Riccardo,AT
59,gonzalo-serrano,SERRANO Gonzalo,ES
68,fernando-barcelo,BARCELÓ Fernando,ES
79,joel-nicolau,NICOLAU Joel,ES
80,nicolas-sessler,SESSLER Nícolas,BR
88,jose-carlos-prates-neves-fernandes,NEVES José,PT
95,kevin-geniets,GENIETS Kevin,LU
9,ethan-hayter,HAYTER Ethan,GB
12,matthew-walls,WALLS Matthew,GB
21,alessandro-fedeli,FEDELI Alessandro,IT
24,gerben-thijssen,THIJSSEN Gerben,BE
41,alexis-guerin,GUERIN Alexis,FR
67,connor-swift,SWIFT Connor,GB
78,thomas-stewart,STEWART Thomas,GB
84,fabien-schmidt,SCHMIDT Fabien,FR
121,gabriel-cullaigh,CULLAIGH Gabriel,GB
27,luis-villalobos-hernandez,VILLALOBOS Luis,MX
70,petr-rikunov,RIKUNOV Petr,RU
110,rodrigo-contreras,CONTRERAS Rodrigo,CO
121,vladislav-kulikov,KULIKOV Vladislav,RU
42,brent-van-moer,VAN MOER Brent,BE
73,laurent-gervais,GERVAIS Laurent,CA
95,jonas-vingegaard-rasmussen,VINGEGAARD Jonas,DK
114,jordan-cheyne,CHEYNE Jordan,CA
124,evan-burtnik,BURTNIK Evan,CA
97,robin-plamondon,PLAMONDON Robin,CA
75,sergio-higuita,HIGUITA Sergio,CO
97,josip-rumac,RUMAC Josip,HR
100,luca-covili,COVILI Luca,IT
114,daniel-savini,SAVINI Daniel,IT
116,daniel-munoz,MUÑOZ Daniel,CO
132,aleksey-rybalkin,RYBALKIN Aleksey,RU
174,francesco-romano,ROMANO Francesco,IT
27,matthew-holmes,HOLMES Matthew,GB
35,fabian-lienhard,LIENHARD Fabian,CH
48,stefan-de-bod,DE BOD Stefan,ZA
50,ide-schelling,SCHELLING Ide,NL
52,joao-almeida,ALMEIDA João,PT
58,juan-pedro-lopez,LÓPEZ Juan Pedro,ES
62,rudy-porter,PORTER Rudy,AU
63,jonas-rutsch,RUTSCH Jonas,DE
77,michel-ries,RIES Michel,LU
85,samuele-battistella,BATTISTELLA Samuele,IT
92,conor-leahy,LEAHY Conor,AU
99,alberto-dainese,DAINESE Alberto,IT
102,cameron-wurf,WURF Cameron,AU
104,elliot-schultz,SCHULTZ Elliot,AU
105,blake-quick,QUICK Blake,AU
107,santiago-buitrago-sanchez,BUITRAGO Santiago,CO
26,johan-jacobs,JACOBS Johan,CH
57,alexander-konychev,KONYCHEV Alexander,IT
68,alfred-wright,WRIGHT Fred,GB
85,emmanuel-morin,MORIN Emmanuel,FR
105,mikkel-bjerg,BJERG Mikkel,DK
107,alessandro-covi,COVI Alessandro,IT
110,quinn-simmons,SIMMONS Quinn,US
114,andreas-stokbro,STOKBRO Andreas,DK
121,nils-eekhoff,EEKHOFF Nils,NL
131,patrick-gamper,GAMPER Patrick,AT
140,cedric-beullens,BEULLENS Cedric,BE
141,gilles-de-wilde,DE WILDE Gilles,BE
146,joel-suter,SUTER Joel,CH
157,juri-hollmann,HOLLMANN Juri,DE
158,matteo-jorgenson,JORGENSON Matteo,US
49,simone-ravanelli,RAVANELLI Simone,IT
70,simon-guglielmi,GUGLIELMI Simon,FR
85,matteo-sobrero,SOBRERO Matteo,IT
116,quinten-hermans,HERMANS Quinten,BE
118,corne-van-kessel,VAN KESSEL Corné,NL
123,einer-augusto-rubio-reyes,RUBIO Einer Augusto,CO
131,kobe-goossens,GOOSSENS Kobe,BE
132,florian-vermeersch,VERMEERSCH Florian,BE
134,stefano-oldani,OLDANI Stefano,IT
139,norman-vahtra,VAHTRA Norman,EE
141,mattia-viel,VIEL Mattia,IT
144,fabio-mazzucco,MAZZUCCO Fabio,IT
145,nicolas-dalla-valle,DALLA VALLE Nicolas,IT
149,filippo-fiorelli,FIORELLI Filippo,IT
162,maxime-chevalier,CHEVALIER Maxime,FR
96,roberto-gonzalez,GONZÁLEZ Roberto Carlos,PA
108,mattia-bais,BAIS Mattia,IT
113,imerio-cima,CIMA Imerio,IT
137,leonardo-bonifazio,BONIFAZIO Leonardo,IT
149,james-mitri,MITRI James,NZ
159,nicola-venchiarutti,VENCHIARUTTI Nicola,IT
22,matteo-badilatti,BADILATTI Matteo,CH
52,harold-tejada,TEJADA Harold,CO
72,chris-harper,HARPER Chris,AU
84,juan-diego-alba,ALBA Juan Diego,CO
87,attila-valter,VALTER Attila,HU
91,benjamin-thomas-2,THOMAS Benjamin,FR
94,filippo-zana,ZANA Filippo,IT
100,theo-delacroix,DELACROIX Théo,FR
104,clement-champoussin,CHAMPOUSSIN Clément,FR
108,attilio-viviani,VIVIANI Attilio,IT
113,alexys-brunel,BRUNEL Alexys,FR
126,benjamin-dyball,DYBALL Benjamin,AU
128,enrico-gasparotto,GASPAROTTO Enrico,CH
129,andrea-bagioli,BAGIOLI Andrea,IT
148,jasper-de-plus,DE PLUS Jasper,BE
150,anton-kuzmin,KUZMIN Anton,KZ
151,denis-nekrasov,NEKRASOV Denis,RU
163,luca-chirico,CHIRICO Luca,IT
20,luca-mozzato,MOZZATO Luca,IT
36,marlon-gaillard,GAILLARD Marlon,FR
47,jannik-steimle,STEIMLE Jannik,DE
52,victor-lafay,LAFAY Victor,FR
74,albert-torres,TORRES Albert,ES
87,charlie-quarterman,QUARTERMAN Charlie,GB
91,hernando-bohorquez,BOHÓRQUEZ Hernando,CO
95,biniam-girmay,GIRMAY Biniam,ER
97,sebastian-mora-vedri,MORA Sebastián,ES
98,kevin-inkelaar,INKELAAR Kevin,NL
99,inigo-elosegui,ELOSEGUI Iñigo,ES
119,jeremy-cabot,CABOT Jérémy,FR
132,felix-gall,GALL Felix,AT
134,ilan-van-wilder,VAN WILDER Ilan,BE
140,sergio-samitier,SAMITIER Sergio,ES
32,laurens-huys,HUYS Laurens,BE
34,ben-tulett,TULETT Ben,GB
71,valentin-ferron,FERRON Valentin,FR
83,mauri-vansevenant,VANSEVENANT Mauri,BE
88,mark-donovan,DONOVAN Mark,GB
92,julian-mertens,MERTENS Julian,BE
98,thymen-arensman,ARENSMAN Thymen,NL
115,stephen-williams,WILLIAMS Stephen,GB
126,eddy-fine,FINÉ Eddy,FR
139,lindsay-de-vylder,DE VYLDER Lindsay,BE
140,ian-garrison,GARRISON Ian,US
147,barnabas-peak,PEÁK Barnabás,HU
148,cristian-munoz,MUÑOZ Cristian Camilo,CO
149,andres-camilo-ardila,ARDILA Andrés Camilo,CO
121,patrick-schelling,SCHELLING Patrick,CH
26,tim-merlier,MERLIER Tim,BE
34,jake-stewart,STEWART Jake,GB
108,kaden-groves,GROVES Kaden,AU
142,jonas-castrique,CASTRIQUE Jonas,BE
157,itamar-einhorn,EINHORN Itamar,IL
66,fabio-van-den-bossche,VAN DEN BOSSCHE Fabio,BE
82,florian-maitre,MAITRE Florian,FR
87,luc-wirtgen,WIRTGEN Luc,LU
115,alexander-krieger,KRIEGER Alexander,DE
164,stefan-bissegger,BISSEGGER Stefan,CH
44,tobias-kongstad,KONGSTAD Tobias,DK
47,carlos-rodriguez-cano,RODRÍGUEZ Carlos,ES
61,matis-louvel,LOUVEL Matis,FR
63,donavan-grondin,GRONDIN Donavan,FR
99,arvid-de-kleijn,DE KLEIJN Arvid,NL
102,lucas-eriksson,ERIKSSON Lucas,SE
103,piotr-havik,HAVIK Piotr,NL
112,kenny-de-ketele,DE KETELE Kenny,BE
54,thomas-pidcock,PIDCOCK Thomas,GB
76,andre-carvalho,CARVALHO Andre,PT
78,andreas-kron,KRON Andreas,DK
88,olav-kooij,KOOIJ Olav,NL
93,mathias-norsgaard,NORSGAARD Mathias,DK
118,alex-colman,COLMAN Alex,BE
122,yevgeniy-fedorov,FEDOROV Yevgeniy,KZ
148,jakob-egholm,EGHOLM Jakob,DK
150,emil-vinjebo,VINJEBO Emil Mielke,DK
154,niklas-markl,MÄRKL Niklas,DE
10,simon-carr,CARR Simon,GB
40,mauro-schmid,SCHMID Mauro,CH
45,tobias-foss,FOSS Tobias,NO
54,giovanni-aleotti,ALEOTTI Giovanni,IT
69,ben-zwiehoff,ZWIEHOFF Ben,DE
70,abner-gonzalez-rivera,GONZÁLEZ Abner,PR
80,filippo-conca,CONCA Filippo,IT
81,thomas-champion,CHAMPION Thomas,FR
99,erik-fetter,FETTER Erik,HU
100,davide-bais,BAIS Davide,IT
101,andrea-di-renzo,DI RENZO Andrea,IT
107,samuele-zoccarato,ZOCCARATO Samuele,IT
110,kevin-vermaerke,VERMAERKE Kevin,US
119,filippo-tagliani,TAGLIANI Filippo,IT
122,davide-orrico,ORRICO Davide,IT
123,mattia-bevilacqua,BEVILACQUA Mattia,IT
127,alexis-renard,RENARD Alexis,FR
130,jefferson-alexander-cepeda,CEPEDA Jefferson Alexander,EC
134,diego-pablo-sevilla,SEVILLA Diego Pablo,ES
135,sergio-garcia-gonzalez,GARCÍA Sergio,ES
136,arturo-gravalos-lopez,GRÁVALOS Arturo,ES
137,daniel-viegas,VIEGAS Daniel,PT
139,thibault-guernalec,GUERNALEC Thibault,FR
143,simone-bevilacqua,BEVILACQUA Simone,IT
144,alessandro-iacchi,IACCHI Alessandro,IT
145,jan-petelin,PETELIN Jan,LU
151,karel-vacek,VACEK Karel,CZ
174,samuele-rivi,RIVI Samuele,IT
82,andrii-ponomar,PONOMAR Andrii,UA
92,cesare-benedetti,BENEDETTI Cesare,PL
161,clement-davy,DAVY Clément,FR
20,arne-marit,MARIT Arne,BE
26,david-dekker,DEKKER David,NL
37,anthony-jullien,JULLIEN Anthony,FR
57,jens-reynders,REYNDERS Jens,BE
83,ruben-apers,APERS Ruben,BE
84,leonardo-tortomasi,TORTOMASI Leonardo,IT
90,erik-nordsaeter-resell,RESELL Erik Nordsæter,NO
92,matteo-pelucchi,PELUCCHI Matteo,IT
94,laurenz-rex,REX Laurenz,BE
102,jonathan-milan,MILAN Jonathan,IT
104,joab-schneiter,SCHNEITER Joab,CH
109,sebastien-grignard,GRIGNARD Sébastien,BE
123,syver-waersted,WÆRSTED Syver,NO
131,andreas-leknessund,LEKNESSUND Andreas,NO
156,martin-salmon,SALMON Martin,DE
159,wout-van-elzakker,VAN ELZAKKER Wout,NL
163,frederik-rodenberg,RODENBERG Frederik,DK
164,anders-skaarseth,SKAARSETH Anders,NO
171,niklas-larsen,LARSEN Niklas,DK
153,daniel-arroyave-canas,ARROYAVE Daniel,CO
154,jordi-meeus,MEEUS Jordi,BE
157,ward-vanhoof,VANHOOF Ward,BE
153,tom-paquot,PAQUOT Tom,BE
18,markus-hoelgaard,HOELGAARD Markus,NO
67,jonas-abrahamsen,ABRAHAMSEN Jonas,NO
87,jonas-iversby-hvideberg,HVIDEBERG Jonas Iversby,NO
117,rune-herregodts,HERREGODTS Rune,BE
119,martin-urianstad,URIANSTAD Martin,NO
150,iver-skaarseth,SKAARSETH Iver,NO
166,sylvain-moniquet,MONIQUET Sylvain,BE
23,marco-brenner,BRENNER Marco,DE
141,remy-rochas,ROCHAS Rémy,FR
11,maxim-van-gils,VAN GILS Maxim,BE
17,juan-ayuso-pesquera,AYUSO Juan,ES
40,roger-adria,ADRIÀ Roger,ES
44,urko-berrade-fernandez,BERRADE Urko,ES
61,jon-agirre,AGIRRE Jon,ES
62,jose-felix-parra,PARRA José Félix,ES
66,ibai-azurmendi-sagastibel,AZURMENDI Ibai,ES
71,kevin-colleoni,COLLEONI Kevin,IT
76,lars-van-den-berg,VAN DEN BERG Lars,NL
78,gotzon-martin,MARTÍN Gotzon,ES
81,sebastian-berwick,BERWICK Sebastian,AU
82,oier-lazkano,LAZKANO Oier,ES
84,victor-langellotti,LANGELLOTTI Victor,MC
91,yuriy-natarov,NATAROV Yuriy,KZ
94,javier-romo,ROMO Javier,ES
95,jokin-murguialday-elorza,MURGUIALDAY Jokin,ES
108,pelayo-sanchez-mayo,SÁNCHEZ Pelayo,ES
110,alex-molenaar,MOLENAAR Alex,NL
111,oscar-cabedo,CABEDO Óscar,ES
113,jon-barrenetxea-golzarri,BARRENETXEA Jon,ES
134,connor-brown2,BROWN Connor,NZ
160,xandres-vervloesem,VERVLOESEM Xandres,BE
169,xabier-mikel-azparren-irurzun,AZPARREN Xabier Mikel,ES
172,savva-novikov,NOVIKOV Savva,RU
173,jordi-lopez-caravaca,LÓPEZ Jordi,ES
174,raul-garcia-pierna,GARCÍA PIERNA Raúl,ES
27,thibault-ferasse,FERASSE Thibault,FR
40,mattias-skjelmose-jensen,SKJELMOSE Mattias,DK
44,juan-antonio-lopez-cozar-jaimez,LÓPEZ-CÓZAR Juan Antonio,ES
62,manuel-penalver,PEÑALVER Manuel,ES
63,paniego-fuentes,FUENTES Ángel,ES
68,jeremy-bellicaud,BELLICAUD Jeremy,FR
69,alexandre-delettre,DELETTRE Alexandre,FR
88,gijs-leemreize,LEEMREIZE Gijs,NL
91,isaac-canton,CANTÓN Isaac,ES
94,mario-aparicio-munoz,APARICIO Mario,ES
101,gabriel-muller,MULLER Gabriel,FR
120,antonio-tiberi,TIBERI Antonio,IT
135,frederik-wandahl,WANDAHL Frederik,DK
138,brandon-smith-rivera-vargas,RIVERA Brandon Smith,CO
24,clement-berthet,BERTHET Clément,FR
40,morten-hulgaard,HULGAARD Morten,DK
51,nicolas-prodhomme,PRODHOMME Nicolas,FR
68,christian-scaroni,SCARONI Christian,IT
80,torstein-traeen,TRÆEN Torstein,NO
83,alexandar-richardson,RICHARDSON Alexandar,GB
92,tobias-bayer,BAYER Tobias,AT
109,jacob-hindsgaul-madsen,HINDSGAUL Jacob,DK
110,sander-de-pestel,DE PESTEL Sander,BE
139,gleb-brussenskiy,BRUSSENSKIY Gleb,KZ
164,pierre-barbier,BARBIER Pierre,FR
165,dusan-rajovic,RAJOVIĆ Dušan,RS
104,alessandro-monaco,MONACO Alessandro,IT
168,diego-andres-camargo,CAMARGO Diego Andrés,CO
27,fredrik-dversnes,DVERSNES Fredrik,NO
47,kevin-vauquelin,VAUQUELIN Kévin,FR
55,tobias-halland-johannessen,JOHANNESSEN Tobias Halland,NO
58,ben-turner,TURNER Ben,GB
74,ben-healy,HEALY Ben,IE
77,lewis-askey,ASKEY Lewis,GB
87,louis-blouwe,BLOUWE Louis,BE
100,daan-hoole,HOOLE Daan,NL
107,magnus-sheffield,SHEFFIELD Magnus,US
108,jan-maas,MAAS Jan,NL
125,maurice-ballerstedt,BALLERSTEDT Maurice,DE
146,marius-mayrhofer,MAYRHOFER Marius,DE
148,leon-heinschke,HEINSCHKE Leon,DE
152,michele-gazzoli,GAZZOLI Michele,IT
160,corbin-strong,STRONG Corbin,NZ
31,edoardo-zambanini,ZAMBANINI Edoardo,IT
49,milan-vader,VADER Milan,NL
86,marijn-van-den-berg,VAN DEN BERG Marijn,NL
133,taj-jones,JONES Taj,AU
137,gabriele-benedetti,BENEDETTI Gabriele,IT
138,johnatan-canaveral,CAÑAVERAL Johnatan,CO
140,alex-tolio,TOLIO Alex,IT
146,marton-dina,DINA Márton,HU
148,alejandro-osorio-carbajal,OSORIO Alejandro,CO
119,omar-el-gouzi,EL GOUZI Omar,IT
141,ricardo-alejandro-zurita,ZURITA Ricardo Alejandro,ES
164,didier-merchan,MERCHAN Didier,CO
7,arnaud-de-lie,DE LIE Arnaud,BE
18,soren-waerenskjold,WÆRENSKJOLD Søren,NO
29,milan-fretin,FRETIN Milan,BE
34,sam-welsford,WELSFORD Sam,AU
43,sandy-dujardin,DUJARDIN Sandy,FR
53,campbell-stewart,STEWART Campbell,NZ
56,markus-pajur,PAJUR Markus,EE
61,felix-gros,GROß Felix,DE
63,filip-maciejuk,MACIEJUK Filip,PL
80,julius-johansen,JOHANSEN Julius,DK
84,enrico-zanoncello,ZANONCELLO Enrico,IT
99,karl-patrick-lauk,LAUK Karl Patrick,EE
108,jules-hesters,HESTERS Jules,BE
114,kelland-brien,O'BRIEN Kelland,AU
120,jon-aberasturi,ABERASTURI Jon,ES
121,luca-colnaghi,COLNAGHI Luca,IT
127,tuur-dens,DENS Tuur,BE
145,lars-saugstad,SAUGSTAD Lars,NO
156,tim-van-dijke,VAN DIJKE Tim,NL
161,william-blume-levy,BLUME LEVY William,DK
84,antoine-raugel,RAUGEL Antoine,FR
102,vito-braet,BRAET Vito,BE
40,victor-koretzky,KORETZKY Victor,FR
104,mick-van-dijke,VAN DIJKE Mick,NL
140,tord-gudmestad,GUDMESTAD Tord,NO
143,kim-heiduk,HEIDUK Kim,DE
54,stan-van-tricht,VAN TRICHT Stan,BE
61,jenno-berckmoes,BERCKMOES Jenno,BE
77,cian-uijtdebroeks,UIJTDEBROEKS Cian,BE
97,filippo-baroncini,BARONCINI Filippo,IT
106,johan-meens,MEENS Johan,BE
125,vinicius-rangel-costa,RANGEL Vinicius,BR
132,alexandre-balmer,BALMER Alexandre,CH
137,finn-fisher-black,FISHER-BLACK Finn,NZ
161,luca-rastelli,RASTELLI Luca,IT
166,alan-boileau,BOILEAU Alan,FR
118,bas-tietema,TIETEMA Bas,NL
164,johan-price-pejtersen,PRICE-PEJTERSEN Johan,DK
26,kamiel-bonneu,BONNEU Kamiel,BE
87,axel-zingle,ZINGLE Axel,FR
90,alan-jousseaume,JOUSSEAUME Alan,FR
93,henri-vandenabeele,VANDENABEELE Henri,BE
94,viktor-verschaeve,VERSCHAEVE Viktor,BE
133,michel-hessmann,HESSMANN Michel,DE
137,paul-lapeira,LAPEIRA Paul,FR
138,jesus-david-pena-jimenez,PEÑA Jesús David,CO
152,torjus-sleen,SLEEN Torjus,NO
153,idar-andersen,ANDERSEN Idar,NO
62,pau-miquel-delgado,MIQUEL Pau,ES
83,jay-vine,VINE Jay,AU
87,eugenio-sanchez,SÁNCHEZ Eugenio,ES
101,ibon-ruiz,RUIZ Ibon,ES
113,danny-van-der-tuuk,VAN DER TUUK Danny,NL
114,anders-halland-johannessen,JOHANNESSEN Anders Halland,NO
115,francisco-galvan,GALVÁN Francisco,ES
91,oscar-pelegri,PELEGRÍ Óscar,ES
99,ceriel-desal,DESAL Ceriel,BE
100,felipe-orts,ORTS Felipe,ES
125,quentin-venner,VENNER Quentin,BE
1,pavel-sivakov,SIVAKOV Pavel,FR
50,antonio-angulo,ANGULO Antonio,ES
51,ander-okamika,OKAMIKA Ander,ES
53,vadim-pronskiy,PRONSKIY Vadim,KZ
58,adria-moreno,MORENO Adrià,ES
68,orluis-aular,AULAR Orluis,VE
70,jhojan-garcia,GARCÍA Jhojan,CO
148,unai-iribar-jauregi,IRIBAR Unai,ES
151,txomin-juaristi,JUARISTI Txomin,ES
152,igor-arrieta-lizarraga,ARRIETA Igor,ES
53,asbjorn-hellemose,HELLEMOSE Asbjørn,DK
60,pavel-bittner,BITTNER Pavel,CZ
115,matevz-govekar,GOVEKAR Matevž,SI
123,marc-brustenga-masague,BRUSTENGA Marc,ES
1,axel-laurance,LAURANCE Axel,FR
9,andrea-piccolo,PICCOLO Andrea,IT
58,hugo-page,PAGE Hugo,FR
150,valentin-retailleau,RETAILLEAU Valentin,FR
48,louis-barre,BARRÉ Louis,FR
98,hugo-toumire,TOUMIRE Hugo,FR
122,carson-miles,MILES Carson,CA
125,thomas-schellenberg,SCHELLENBERG Thomas,CA
134,quentin-cowan,COWAN Quentin,CA
141,nicolas-cote,CÔTÉ Nicolas,CA
146,nicolas-rivard,RIVARD Nicolas,CA
54,alessandro-fancellu,FANCELLU Alessandro,IT
87,santiago-umba,UMBA Santiago,CO
119,natnael-tesfatsion,TESFATSION Natnael,ER
131,sean-quinn,QUINN Sean,US
144,sergio-martin,MARTÍN Sergio Roman,ES
159,henok-mulubrhan,MULUBRHAN Henok,ER
7,steele-von-hoff,VON HOFF Steele,AU
19,anthony-giacoppo,GIACOPPO Anthony,AU
29,patrick-shaw,SHAW Patrick,AU
33,adam-phelan,PHELAN Adam,AU
63,samuel-spokes,SPOKES Samuel,AU
106,patrick-lane,LANE Patrick,AU
107,sean-lake,LAKE Sean,AU
109,carter-jones,JONES Carter,US
126,graeme-brown,BROWN Graeme Allen,AU
135,cheng-ji,JI Cheng,CN
136,marcel-aregger,AREGGER Marcel,CH
7,tejay-van-garderen,VAN GARDEREN Tejay,US
45,michele-scarponi,SCARPONI Michele,IT
169,domingos-goncalves,GONÇALVES Domingos,PT
174,ricardo-vilela,VILELA Ricardo,PT
84,antonio-molina,MOLINA Antonio,ES
114,karel-hnik,HNÍK Karel,CZ
115,pierre-henri-lecuisinier,LECUISINIER Pierre-Henri,FR
134,marcin-mrosek,MROŻEK Marcin,PL
149,sylwester-szmyd,SZMYD Sylwester,PL
164,adam-stachowiak,STACHOWIAK Adam,PL
170,boris-dron,DRON Boris,BE
184,javier-aramendia,ARAMENDIA Javier,ES
188,sebastien-chavanel,CHAVANEL Sébastien,FR
132,miguel-angel-benito,BENITO Miguel Ángel,ES
74,alex-peters,PETERS Alex,GB
101,roland-thalmann,THALMANN Roland,CH
110,bruno-manuel-silva-pires,PIRES Bruno,PT
132,nico-brungger,BRÜNGGER Nico,CH
144,valentin-baillifard,BAILLIFARD Valentin,CH
151,matthias-krizek,KRIZEK Matthias,AT
153,martin-kohler,KOHLER Martin,CH
57,alexander-serov,SEROV Alexander,RU
82,artem-ovechkin,OVECHKIN Artem,RU
120,colin-stussi,STÜSSI Colin,CH
158,lukas-jaun,JAUN Lukas,CH
172,alessandro-vanotti,VANOTTI Alessandro,IT
174,michal-podlaski,PODLASKI Michał,PL
26,chris-opie,OPIE Chris,GB
29,kamil-zielinski,ZIELIńSKI Kamil,PL
46,marek-rutkiewicz,RUTKIEWICZ Marek,PL
66,piotr-konwa,KONWA Piotr,PL
73,karol-domagalski,DOMAGALSKI Karol,PL
114,james-oram,ORAM James,NZ
117,yanto-barker,BARKER Yanto,GB
136,lukasz-bodnar,BODNAR Łukasz,PL
137,peter-williams-1,WILLIAMS Peter,GB
140,gracjan-szelag,SZELAG Gracjan,PL
141,artur-detko,DETKO Artur,PL
144,dariusz-batek,BATEK Dariusz,PL
148,stephen-clancy,CLANCY Stephen,IE
151,marcin-bialoblocki,BIAŁOBŁOCKI Marcin,PL
164,matthew-goss,GOSS Matthew,AU
190,szymon-rekita,REKITA Szymon,PL
199,nicolas-lefrancois,LEFRANCOIS Nicolas,FR
71,samuel-jenner,JENNER Samuel,AU
39,quentin-valognes,VALOGNES Quentin,FR
175,romain-gioux,GIOUX Romain,FR
33,caio-godoy-ormenese,ORMENESE Caio Godoy,BR
68,juan-felipe-osorio,OSORIO Juan Felipe,CO
72,anass-ait-el-abdia,AÏT EL ABDIA Anass,MA
113,aldemar-reyes-ortega,REYES Aldemar,CO
114,antonio-piedra,PIEDRA Antonio,ES
118,hernan-aguirre,AGUIRRE Hernán Ricardo,CO
166,magno-prado,NAZARET Magno,BR
167,murilo-ferraz-affonso,AFFONSO Murilo,BR
193,pedro-autran-dourado-dutra-nicacio,NICÁCIO Pedro,BR
195,gabriel-machado-silva,MACHADO SILVA Gabriel,BR
196,flavio-cardoso,SANTOS Flavio Cardoso,BR
197,raphael-pires,PIRES Raphael,BR
22,ulises-alfredo-castillo,CASTILLO Ulises Alfredo,MX
46,danny-pate,PATE Danny,US
60,daniel-eaton,EATON Daniel,US
72,joshua-berry,BERRY Joshua,US
83,evan-huffman,HUFFMAN Evan,US
91,daniel-alexander-jaramillo-diez,JARAMILLO Daniel,CO
93,taylor-shelden,SHELDEN Taylor,US
104,jacob-rathe,RATHE Jacob,US
113,ben-wolfe,WOLFE Ben,US
115,eric-young,YOUNG Eric,US
12,alan-banaszek,BANASZEK Alan,PL
113,emanuel-piaskowy,PIASKOWY Emanuel,PL
172,bernardo-suaza,SUAZA Bernardo,CO
173,fernando-orjuela,ORJUELA Fernando,CO
29,nazim-bakirci,BAKIRCI Nazim,TR
31,serkan-balkan,BALKAN Serkan,TR
46,lincoln-do-vale,SILVA Lincoln Do Vale,BR
54,danilo-celano,CELANO Danilo,IT
60,onur-balkan,BALKAN Onur,TR
61,chris-butler,BUTLER Chris,US
74,victor-ranghetti,RANGHETTI Victor,BR
77,muhammed-atalay,ATALAY Muhammed,TR
82,ferit-samli,ŞAMLI Feritcan,TR
83,ahmet-orken,ÖRKEN Ahmet,TR
86,batuhan-ozgur,ÖZGÜR Batuhan,TR
91,ahmet-akdilek,AKDILEK Ahmet,TR
100,roberto-pinheiro-silva,SILVA Roberto Pinheiro,BR
34,nicolas-marini,MARINI Nicolas,IT
100,masakazu-ito,ITO Masakazu,JP
103,timothy-roe,ROE Timothy,AU
6,michael-bresciani,BRESCIANI Michael,IT
103,fabio-andres-duarte,DUARTE Fabio,CO
131,wilmar-paredes,PAREDES Wilmar,CO
143,joaquim-silva,SILVA Joaquim,PT
148,igor-merino,MERINO Igor,ES
137,aitor-gonzalez-prieto,GONZÁLEZ PRIETO Aitor,ES
142,ibai-salas,SALAS Ibai,ES
8,ty-magner,MAGNER Ty,US
13,john-murphy,MURPHY John,US
62,lucas-sebastian-haedo,HAEDO Lucas Sebastián,AR
67,miguel-bryon,BRYON Miguel,US
68,taylor-eisenhart,EISENHART Taylor,US
103,ruben-companioni,COMPANIONI Rubén,CU
108,andrei-krasilnikau,KRASILNIKAU Andrei,BY
109,brendan-rhim,RHIM Brendan,US
110,michael-rice,RICE Michael,AU
152,julian-cardona-tabares,CARDONA Julián,CO
52,benat-txoperena,TXOPERENA Beñat,ES
92,mustafa-sayar,SAYAR Mustafa,TR
106,yecid-sierra,SIERRA Yecid,CO
29,neil-van-der-ploeg,VAN DER PLOEG Neil,AU
80,jason-lea,LEA Jason,AU
112,michael-potter,POTTER Michael,AU
44,declan-irvine,IRVINE Declan,AU
59,mehdi-benhamouda,BENHAMOUDA Mehdi,FR
138,alvaro-cuadros,CUADROS Álvaro,ES
67,carlos-quintero,QUINTERO Carlos,CO
147,nicolas-saenz,SAENZ Nicolas,CO
150,david-gonzalez-lopez,GONZÁLEZ David,ES
13,jordan-parra,PARRA Jordan,CO
15,bryan-gomez,GÓMEZ Bryan Steve,CO
16,jose-daniel-viejo,VIEJO José Daniel,ES
18,jaume-sureda,SUREDA Jaume,ES
22,luis-carlos-chia-bermudez,CHIA Luis Carlos,CO
25,daniel-lopez,LÓPEZ Daniel,ES
26,samuel-caldeira,CALDEIRA Samuel José,PT
27,edgar-pinto,PINTO Edgar,PT
28,sanchez-canellas,CAÑELLAS Xavier,ES
32,matthew-gibson,GIBSON Matthew,GB
46,ricardo-mestre,MESTRE Ricardo,PT
56,raul-alarcon,ALARCÓN Raúl,ES
57,halil-ibrahim-dogan,DOĞAN Halil İbrahim,TR
70,gustavo-cesar-veloso,CÉSAR VELOSO Gustavo,ES
73,moreno-de-pauw,DE PAUW Moreno,BE
76,omar-mendoza,MENDOZA Omar Alberto,CO
84,mauricio-moreira,MOREIRA Mauricio,UY
89,diego-antonio-ochoa,OCHOA Diego Antonio,CO
93,kyle-murphy,MURPHY Kyle,US
101,hayato-yoshida,YOSHIDA Hayato,JP
102,hiroki-nishimura,NISHIMURA Hiroki,JP
103,alvaro-robredo,ROBREDO Álvaro,ES
106,jose-ferreira,FERREIRA José,PT
108,emerson-oronte,ORONTE Emerson,US
114,mathias-fluckiger,FLÜCKIGER Mathias,CH
117,claudio-imhof,IMHOF Claudio,CH
19,michael-hernandez,HERNANDEZ Michael,US
30,tyler-stites,STITES Tyler,US
49,keegan-swirbul,SWIRBUL Keegan,US
50,alex-hoehn,HOEHN Alex,US
79,edward-anderson,ANDERSON Edward,US
93,samuel-boardman,BOARDMAN Samuel,US
102,jonathan-brown,BROWN Jonny,US
114,cole-davis,DAVIS Cole,US
35,gian-friesecke,FRIESECKE Gian,CH
14,mamyr-stash,STASH Mamyr,RU
28,jarrad-drizners,DRIZNERS Jarrad,AU
66,tyler-lindorff,LINDORFF Tyler,AU
106,cameron-scott,SCOTT Cameron,AU
110,veljko-stojnic,STOJNIĆ Veljko,RS
130,alexander-evans,EVANS Alexander,AU
51,jefferson-cepeda-hernandez,CEPEDA Jefferson Alveiro,EC
119,alejandro-ropero,ROPERO Alejandro,ES
128,john-archibald,ARCHIBALD John,GB
68,daniel-alejandro-mendez-norena,MENDEZ Daniel Alejandro,CO
104,marti-marquez,MÁRQUEZ Martí,ES
122,antonio-soto,SOTO Antonio Jesús,ES
101,carlos-canal,CANAL Carlos,ES
159,unai-cuadrado,CUADRADO Unai,ES
56,cyrille-thiery,THIÈRY Cyrille,CH
125,matthias-reutimann,REUTIMANN Mathias,CH
90,anton-palzer,PALZER Anton,DE
105,lukas-ruegg,RÜEGG Lukas,CH
145,kevin-kuhn,KUHN Kevin,CH
44,mathias-vacek,VACEK Mathias,CZ
82,michael-kukrle,KUKRLE Michael,CZ
90,ethan-vernon,VERNON Ethan,GB
116,luke-plapp,PLAPP Luke,AU
41,anthon-charmig,CHARMIG Anthon,DK
92,tim-naberman,NABERMAN Tim,NL
98,xabier-isasa-larranaga,ISASA Xabier,ES
101,diego-lopez-fuentes,LÓPEZ Diego,ES
119,asier-etxeberria,ETXEBERRIA Asier,ES
121,valentin-paret-peintre,PARET-PEINTRE Valentin,FR
7,georg-steinhauser,STEINHAUSER Georg,DE
52,filippo-colombo1,COLOMBO Filippo,CH
58,yannis-voisard,VOISARD Yannis,CH
67,dario-lillo,LILLO Dario,CH
85,nils-brun,BRUN Nils,CH
114,antoine-debons,DEBONS Antoine,CH
125,valere-thiebaud,THIÉBAUD Valère,CH
129,carlos-garcia-pierna,GARCÍA PIERNA Carlos,ES
132,miguel-heidemann,HEIDEMANN Miguel,DE
63,simon-vitzthum,VITZTHUM Simon,CH
73,sjoerd-bax,BAX Sjoerd,NL
117,kristian-aasvold,AASVOLD Kristian,NO
123,robin-froidevaux,FROIDEVAUX Robin,CH
27,iuri-leitao,LEITÃO Iúri,PT
45,matyas-kopecky,KOPECKÝ Matyáš,CZ
68,marcin-budzinski,BUDZINSKI Marcin,PL
132,mateusz-grabis,GRABIS Mateusz,PL
134,david-van-der-poel,VAN DER POEL David,NL
151,gerd-de-keijzer,DE KEIJZER Gerd,NL
155,jakub-murias,MURIAS Jakub,PL
111,vojtech-repa,ŘEPA Vojtěch,CZ
